Movie ID,Star ID
1,487
1,1091
1,1689
2,58
2,268
2,1751
3,1008
3,2554
3,2661
4,563
4,1216
4,1818
5,543
5,751
5,1188
6,1047
6,1343
6,2634
7,204
7,1858
7,2539
8,1248
8,2122
8,2597
9,163
9,220
9,329
10,1673
10,2184
10,2286
11,220
11,484
11,2354
12,1419
12,1438
12,2122
13,868
13,942
13,1378
14,100
14,1843
14,2433
15,1104
15,1355
15,2261
16,149
16,1017
16,1235
17,1302
17,1529
17,2515
18,905
18,939
18,1321
19,1386
19,2001
19,2177
20,1431
20,1617
20,2609
21,167
21,408
21,2641
22,145
22,422
22,896
23,401
23,1673
23,2307
24,750
24,976
24,2562
25,788
25,923
25,2020
26,870
26,1389
26,2443
27,870
27,1689
27,2242
28,933
28,1177
28,1832
29,745
29,1551
29,1846
30,1396
30,1554
30,2056
31,1013
31,1160
31,2206
32,1366
32,2349
32,2377
33,175
33,1621
33,2309
34,703
34,1287
34,2237
35,545
35,1150
35,1665
36,112
36,149
36,476
37,196
37,1477
37,1537
38,5
38,745
38,942
39,102
39,1711
39,2507
40,145
40,2137
40,2349
41,346
41,1550
41,2305
42,145
42,204
42,2377
43,10
43,90
43,1808
44,149
44,182
44,1617
45,182
45,810
45,1049
46,682
46,1622
46,1958
47,204
47,1216
47,1949
48,226
48,730
48,931
49,484
49,1022
49,1673
50,83
50,2082
50,2198
51,187
51,1592
51,2218
52,809
52,1390
52,2079
53,476
53,876
53,1486
54,357
54,500
54,1922
55,1477
55,1834
55,2069
56,219
56,357
56,386
57,749
57,1291
57,1367
58,145
58,204
58,2018
59,346
59,526
59,2140
60,600
60,675
60,1216
61,112
61,1552
61,2268
62,83
62,104
62,145
63,416
63,420
63,1679
64,1242
64,1673
64,1877
65,293
65,343
65,373
66,104
66,305
66,1792
67,204
67,476
67,931
68,1017
68,1704
68,1949
69,810
69,1617
69,2008
70,1459
70,1618
70,1807
71,34
71,2142
71,2261
72,145
72,1087
72,1448
73,183
73,738
73,1808
74,841
74,2449
74,2640
75,413
75,1784
75,2344
76,34
76,218
76,2277
77,145
77,1017
77,1235
78,1216
78,1769
78,2242
79,1449
79,1609
79,1795
80,545
80,869
80,1437
81,545
81,1029
81,1792
82,117
82,1725
82,2548
83,2125
83,2255
83,2371
84,145
84,484
84,1235
85,1024
85,1472
85,2359
86,745
86,967
86,1811
87,204
87,1216
87,1811
88,622
88,653
88,2472
89,204
89,1862
89,2008
90,104
90,745
90,868
91,181
91,1177
91,1370
92,40
92,392
92,1858
93,112
93,675
93,2008
94,2502
94,2556
94,2590
95,476
95,1012
95,2327
96,160
96,1125
96,2063
97,159
97,159
97,2610
98,754
98,857
98,1878
99,257
99,2516
99,2587
100,145
100,1111
100,1617
101,425
101,1654
101,2401
102,345
102,1644
102,2333
103,1757
103,2002
103,2041
104,184
104,374
104,1343
105,653
105,2467
106,7
106,1153
106,2586
107,404
107,1617
107,1792
108,449
108,682
108,1309
109,90
109,182
109,657
110,1704
110,2015
110,2078
111,1035
111,2451
111,2607
112,743
112,2130
112,2411
113,386
113,2008
113,2349
114,328
114,1404
114,1655
115,28
115,386
115,1474
116,1693
116,1698
116,2391
117,342
117,1280
117,2008
118,809
118,1219
118,1926
119,1207
119,1390
119,1497
120,112
120,476
120,1367
121,597
121,846
121,2189
122,1862
122,1868
122,2206
123,484
123,591
123,2354
124,1144
124,1257
124,1770
125,615
125,1074
125,2506
126,956
126,1525
126,2649
127,204
127,249
127,1596
128,425
128,1221
128,1380
129,827
129,2258
129,2262
130,332
130,1378
130,1617
131,1309
131,1926
131,2401
132,112
132,1061
132,1507
133,329
133,1609
133,2051
134,90
134,145
134,2349
135,373
135,653
135,1326
136,653
136,1377
136,1556
137,603
137,2086
137,2167
138,275
138,293
138,1199
139,1287
139,1474
139,2266
140,204
140,791
140,1964
141,2198
141,2313
141,2443
142,628
142,1216
142,2443
143,1771
143,1890
143,2046
144,1118
144,1723
144,2623
145,1029
145,2076
145,2242
146,160
146,260
146,751
147,868
147,1022
147,2349
148,531
148,1654
148,1949
149,654
149,1520
149,1943
150,209
150,680
150,2311
151,471
151,892
151,1403
152,145
152,543
152,1790
153,1171
153,1507
153,1833
154,476
154,569
154,1792
155,386
155,484
155,1795
156,425
156,704
156,1409
157,233
157,249
157,1791
158,204
158,220
158,2398
159,1403
159,2503
159,2631
160,275
160,294
160,2042
161,753
161,2241
161,2383
162,163
162,1946
162,2503
163,204
163,791
163,1964
164,1803
164,2467
164,2570
165,569
165,1617
165,1802
166,1264
166,1997
166,2065
167,780
167,1403
167,1964
168,425
168,465
168,2631
169,394
169,699
169,1269
170,276
170,580
170,772
171,305
171,1799
171,1802
172,341
172,368
172,1206
173,870
173,1263
173,1862
174,79
174,1377
174,1862
175,1840
175,1862
175,2616
176,484
176,1111
176,1673
177,817
177,1617
177,1792
178,1343
178,1622
178,2039
179,923
179,942
179,2484
180,1474
180,1541
180,1905
181,1370
181,1631
181,1743
182,492
182,1130
182,1716
183,931
183,1328
183,1468
184,1019
184,1083
184,2521
185,638
185,2093
185,2198
186,571
186,1370
186,1665
187,1571
187,1714
187,2422
188,336
188,1802
188,2496
189,204
189,1378
189,1491
190,353
190,1750
190,2212
191,541
191,1751
191,2357
192,1287
192,1896
192,1998
193,145
193,249
193,1017
194,425
194,1858
194,2277
195,741
195,852
195,1168
196,1331
196,1455
196,2258
197,1091
197,1180
197,2667
198,679
198,1529
198,2277
199,145
199,745
199,1507
200,866
200,1277
200,2401
201,591
201,1696
201,2629
202,792
202,867
202,1287
203,887
203,1018
203,2139
204,1029
204,1964
204,2345
205,372
205,783
205,1623
206,1704
206,2044
206,2570
207,1035
207,1280
207,2570
208,159
208,1684
208,2366
209,145
209,2171
209,2527
210,71
210,2113
210,2357
211,112
211,1367
211,2484
212,155
212,864
212,1145
213,204
213,487
213,1512
214,984
214,1116
214,2462
215,975
215,1234
215,1282
216,373
216,484
216,1795
217,1617
217,2354
217,2545
218,703
218,1287
218,2237
219,846
219,1111
219,1474
220,41
220,1406
220,2257
221,1391
221,1808
221,2223
222,68
222,543
222,724
224,1625
224,1720
224,2474
225,204
225,1795
225,2160
226,126
226,649
226,1988
227,86
227,1035
227,1529
228,846
228,1053
228,2484
229,1006
229,1016
229,2354
230,218
230,1091
230,1194
231,128
231,1013
231,2165
232,145
232,1111
232,2008
233,94
233,1547
233,1739
234,160
234,1161
234,2527
235,1017
235,1684
235,1964
236,40
236,112
236,204
237,373
237,1682
237,1962
238,146
238,1654
238,2231
239,301
239,602
239,1005
240,1122
240,2206
240,2537
241,305
241,1005
241,1792
242,204
242,751
242,868
243,145
243,1287
243,2177
244,280
244,751
244,1750
245,569
245,2090
245,2123
246,145
246,868
246,2242
247,310
247,573
247,2423
248,15
248,1160
248,1490
249,477
249,925
249,1313
250,249
250,1811
250,1833
251,839
251,1383
251,1914
252,1949
252,2268
252,2529
253,676
253,1681
253,2325
254,401
254,547
254,1865
255,1477
255,1754
255,2302
256,40
256,204
256,1795
257,58
257,749
257,1431
258,293
258,1754
258,2467
259,131
259,793
259,1865
260,249
260,1207
260,1795
261,125
261,406
261,1102
262,112
262,2349
262,2663
263,575
263,791
263,2108
264,293
264,1080
264,2467
265,2079
265,2261
265,2659
266,1940
266,2088
266,2528
267,1070
267,1343
267,2483
268,34
268,332
268,1216
269,391
269,394
269,980
270,87
270,228
270,895
271,1022
271,1964
271,2008
272,1337
272,1936
272,2275
273,357
273,1843
273,2083
274,968
274,1597
274,2520
275,1111
275,2570
275,2632
276,745
276,967
276,1795
277,885
277,1795
277,2088
278,409
278,493
278,2159
279,484
279,846
279,1617
280,881
280,1576
280,2354
281,727
281,1309
281,2093
282,337
282,486
282,746
283,166
283,859
283,1332
284,991
284,2092
284,2267
285,1981
285,2405
285,2408
286,401
286,1754
286,2401
287,575
287,633
287,2028
288,627
288,1378
288,1454
289,290
289,2431
289,2472
290,162
290,638
290,2232
291,182
291,293
291,2008
292,1343
292,1844
292,2614
293,222
293,1403
293,2021
294,204
294,1507
294,2401
295,1488
295,1949
295,2385
296,476
296,622
296,1594
297,569
297,2055
297,2088
298,893
298,1049
298,1401
299,2198
299,2373
299,2506
300,437
300,442
300,1343
301,681
301,923
301,1045
302,536
302,920
302,1032
303,1509
303,1903
303,2608
304,1175
304,1207
304,2012
305,386
305,1166
305,1382
306,684
306,1529
306,2524
307,666
307,1519
307,2091
308,289
308,1287
308,2377
309,1080
309,1622
309,1858
310,444
310,573
310,1216
311,279
311,563
311,1613
312,484
312,1474
312,1507
313,112
313,1795
313,2272
314,1235
314,1795
314,1964
315,1017
315,1062
315,2093
316,1239
316,1808
316,2671
317,657
317,751
317,2663
318,1931
318,2206
318,2258
319,569
319,601
319,1949
320,1593
320,1973
320,2531
321,330
321,860
321,2320
322,386
322,1427
322,1960
323,58
323,658
323,2529
324,112
324,1207
324,1297
325,64
325,221
325,1957
326,476
326,1035
326,1684
327,723
327,2588
327,2613
328,1098
328,2167
328,2386
329,476
329,820
329,1340
330,535
330,1793
330,1901
331,1670
331,1843
331,2646
332,83
332,293
332,1510
333,1964
333,2268
333,2282
334,1567
334,1964
334,2268
335,1964
335,2268
335,2308
336,1536
336,1545
336,2513
337,105
337,332
337,1456
338,66
338,1294
338,2621
339,802
339,1632
339,2270
340,359
340,2074
340,2274
341,9
341,686
341,1960
342,633
342,1022
342,1751
343,44
343,113
343,777
344,657
344,675
344,850
345,1949
345,1979
345,2616
346,921
346,1195
346,1954
347,321
347,923
347,1472
348,1431
348,2067
348,2446
349,1704
349,2045
349,2570
350,2
350,266
350,1739
351,1431
351,2553
351,2573
352,277
352,2040
352,2638
353,145
353,1029
353,2349
354,112
354,1769
354,2401
355,90
355,422
355,1862
356,915
356,1061
356,1739
357,354
357,648
357,801
358,1151
358,1207
358,2203
359,342
359,1150
359,1378
360,2626
361,332
361,600
361,2580
362,112
362,1162
362,2484
363,145
363,2093
363,2349
364,112
364,149
364,2484
365,65
365,1343
365,1808
366,2056
366,2423
366,2569
367,141
367,823
367,2587
368,149
368,745
368,2484
369,40
369,2277
369,2624
370,923
370,1217
370,1423
371,1106
371,1790
371,2008
372,901
372,1694
372,1835
373,145
373,569
373,931
374,134
374,898
374,2442
375,204
375,675
375,1474
376,34
376,976
376,1160
377,351
377,1775
377,2328
378,104
378,1150
378,2088
379,386
379,852
379,883
380,145
380,2166
380,2349
381,342
381,1862
381,2008
382,625
382,626
382,1343
383,275
383,1378
383,1507
384,1073
384,1318
384,1585
385,405
385,1347
385,2460
386,178
386,2122
386,2467
387,40
387,931
387,2469
388,40
388,104
388,810
389,9
389,40
389,1029
390,749
390,1474
390,1839
391,1946
391,2005
391,2373
392,393
392,636
392,2544
393,293
393,1795
393,2093
394,9
394,149
394,1949
395,249
395,1617
395,2151
396,375
396,653
396,722
397,819
397,2206
397,2256
398,332
398,1162
398,1596
399,204
399,1011
399,1839
400,470
400,797
400,1612
401,1436
401,2036
401,2398
402,104
402,332
402,1622
403,846
403,1671
403,1676
404,669
404,745
404,2401
405,213
405,994
405,1967
406,112
406,653
406,1475
407,1245
407,1684
407,2664
408,923
408,1143
408,2020
409,391
409,545
409,1410
410,974
410,2088
410,2503
411,327
411,1437
411,1751
412,293
412,401
412,415
413,773
413,776
413,2354
414,870
414,931
414,2503
415,603
415,1575
415,2515
416,511
416,556
416,2379
417,275
417,1392
417,1726
418,73
418,1418
418,1858
419,745
419,1862
419,2377
420,248
420,971
420,1793
421,68
421,812
421,1140
422,868
422,1162
422,1811
423,1001
423,1167
423,1298
424,332
424,1617
424,2088
425,692
425,1474
425,2088
426,159
426,346
426,1287
427,422
427,749
427,2206
428,145
428,484
428,1017
429,342
429,1862
429,2008
430,275
430,425
430,1472
431,112
431,2210
431,2401
432,675
432,858
432,2377
433,1022
433,1474
433,1964
434,401
434,600
434,2616
435,425
435,465
436,40
436,476
436,569
437,311
437,770
437,2011
438,578
438,1477
438,1714
439,1051
439,2084
439,2349
440,204
440,332
440,1531
441,293
441,1370
441,1739
442,34
442,195
442,1423
443,914
443,1207
443,2047
444,96
444,1370
444,1671
445,1387
445,2175
445,2480
446,1949
446,2079
446,2484
447,66
447,922
447,1727
448,675
448,1035
448,1060
449,249
449,1750
449,2277
450,823
450,1017
450,2666
451,502
451,1047
451,1316
452,1300
452,1673
452,2357
453,1811
453,2156
453,2349
454,262
454,1110
454,2259
455,730
455,1029
455,1964
456,653
456,976
456,1061
457,228
457,850
457,2282
458,223
458,1585
458,1926
459,293
459,638
459,1423
460,204
460,1949
460,2008
461,412
461,1399
461,1961
462,182
462,332
462,931
463,611
463,1378
463,2427
464,934
464,1035
464,2349
465,68
465,1260
465,2291
466,1207
466,1402
466,2575
467,342
467,869
467,1862
468,923
468,1160
468,1606
469,2076
469,2088
469,2209
470,9
470,974
470,1858
471,1216
471,2106
471,2166
472,868
472,1596
472,2354
473,985
473,1331
473,1617
474,749
474,1631
474,1803
475,487
475,1867
475,2122
476,708
476,726
476,1711
477,675
477,1017
477,2093
478,1162
478,1622
478,2508
479,825
479,1087
479,2120
481,329
481,569
481,1378
482,856
482,995
482,1319
483,330
483,1676
483,2178
484,83
484,1029
484,2401
485,810
485,899
485,1022
486,907
486,1986
486,2271
487,90
487,476
487,1673
488,727
488,931
488,2529
489,931
489,2268
489,2403
490,1816
490,2140
490,2658
491,332
491,2354
491,2472
492,342
492,691
492,2071
493,223
493,316
493,1403
494,408
494,1581
494,2461
495,471
495,1892
495,1921
496,604
496,745
496,2506
497,2214
497,2390
497,2470
498,923
498,1044
498,1306
499,160
499,1210
499,1625
500,160
500,1625
500,2506
501,8
501,394
501,2270
502,1422
502,1760
502,2518
503,145
503,1017
503,2212
504,182
504,213
504,2354
505,1150
505,1378
505,2083
506,149
506,1331
506,2056
507,40
507,293
507,985
508,1735
508,1852
508,2640
509,407
509,1423
509,1665
510,149
510,545
510,2151
511,868
511,1082
511,1367
512,394
512,1160
512,2122
513,112
513,746
513,1294
514,1284
514,1631
514,2045
515,204
515,464
515,1224
516,1216
516,1403
516,1843
517,653
517,985
517,2171
518,145
518,931
518,1507
519,903
519,1289
519,1375
520,293
520,401
520,1292
521,282
521,1665
521,2467
522,855
522,1287
522,2489
523,1216
523,1474
523,2401
524,1495
524,1670
524,2079
525,9
525,392
525,919
526,653
526,1735
526,2527
527,1152
527,2205
527,2342
528,1474
528,2261
528,2354
529,1993
529,2181
529,2554
530,57
530,264
530,672
531,25
531,216
531,850
532,36
532,1501
532,2001
533,717
533,1035
533,1618
534,1091
534,1689
534,1949
535,204
535,1617
535,1964
536,145
536,1090
536,1322
537,112
537,1017
537,1287
538,112
538,342
538,2401
539,112
539,342
539,1017
540,112
540,342
540,2122
541,653
541,851
541,2467
542,360
542,2075
542,2117
543,297
543,868
543,1207
544,90
544,1862
544,2616
545,1862
545,2486
545,2616
546,199
546,342
546,1891
547,1024
547,1072
547,1507
548,634
548,942
548,1150
549,587
549,1773
549,1987
550,1360
550,1802
550,2542
551,386
551,476
551,622
552,329
552,1617
552,1802
553,8
553,146
553,1501
554,2622
555,104
555,810
555,2160
556,65
556,203
556,1361
557,40
557,145
557,1022
558,809
558,846
558,923
559,745
559,934
559,1795
560,2103
560,2267
560,2556
561,632
561,1943
561,2043
562,2093
562,2198
562,2401
563,2079
563,2198
563,2562
564,358
564,1502
564,1803
565,112
565,1498
565,2527
566,104
566,249
566,2272
567,653
567,1750
567,2527
568,1807
568,2407
568,2550
569,1278
569,1335
569,2589
570,34
570,601
570,923
571,817
571,1689
571,1949
572,239
572,1096
572,1304
573,40
573,569
573,2088
574,601
574,923
574,2268
575,1403
575,2226
575,2456
576,868
576,1133
576,2044
577,1738
577,1739
577,2083
578,58
578,1510
578,2242
579,706
579,826
579,1301
580,750
580,1441
580,1502
581,898
581,2370
581,2372
582,1012
582,2122
582,2661
583,543
583,1367
583,1507
584,244
584,1456
584,2413
585,1338
585,2091
585,2401
586,588
586,1166
586,1514
587,987
587,1287
587,1362
588,1256
588,2140
588,2434
589,462
589,661
589,1049
590,531
590,1035
590,2171
591,65
591,319
591,571
592,974
592,1849
592,2455
593,216
593,2122
593,2262
594,501
594,749
594,850
595,1058
595,1275
595,1409
596,484
596,1331
596,2206
597,145
597,1507
597,2349
598,396
598,2284
598,2444
599,216
599,2262
599,2510
600,332
600,1017
600,1793
601,1074
601,1513
601,2443
602,705
602,1190
602,1471
603,983
603,1795
603,2088
604,145
604,675
604,1862
605,391
605,1412
605,1795
606,325
606,1326
606,1631
607,1229
607,2281
607,2332
608,163
608,642
608,1793
609,112
609,1158
609,2408
610,629
610,846
610,1916
611,846
611,911
611,1171
612,622
612,1027
612,1481
613,145
613,694
613,2268
614,34
614,487
614,1280
615,966
615,1378
615,2591
616,785
616,1008
616,1455
617,1338
617,2460
617,2510
618,1021
618,1088
618,2665
619,145
619,569
619,1862
620,145
620,392
620,931
621,40
621,145
621,677
622,145
622,1862
622,1969
623,149
623,213
623,1017
624,281
624,1607
624,2249
625,267
625,453
625,1889
626,58
626,577
626,2008
627,1217
627,1343
627,2147
628,941
628,1926
628,2448
629,484
629,1022
629,1886
630,1051
630,1795
630,1949
631,342
631,487
631,600
632,1280
632,2206
632,2467
633,1150
633,1964
633,2088
634,1015
634,1155
634,1612
635,617
635,1254
635,2237
636,145
636,476
636,1029
637,182
637,332
637,484
638,711
638,1476
638,2236
639,163
639,386
639,2503
640,149
640,484
640,1235
641,1775
641,1862
641,1949
642,90
642,149
642,1853
643,750
643,1654
643,1948
644,287
644,946
644,2451
645,942
645,1654
645,1671
646,751
646,778
646,1446
647,527
647,890
647,1906
648,823
648,1985
648,2277
649,347
649,2098
649,2512
650,985
650,2354
650,2571
651,332
651,535
651,2583
652,531
652,931
652,1556
653,809
653,1275
653,2372
654,1893
654,2075
654,2619
655,329
655,1735
655,2310
656,1684
656,2166
656,2354
657,759
657,909
657,1336
658,1053
658,1431
658,2455
659,332
659,531
659,2584
660,622
660,1366
660,2020
661,112
661,145
661,2467
662,375
662,1390
662,2528
663,850
663,1216
663,1433
664,1378
664,2206
664,2222
665,342
665,633
665,1378
666,329
666,708
666,1510
667,1420
667,1424
667,1647
668,710
668,848
668,1596
669,896
669,1068
669,1900
670,449
670,476
670,622
671,1211
671,1619
671,1860
672,809
672,1305
672,2091
673,219
673,2093
673,2158
674,1034
674,1279
674,1303
675,1193
675,1684
675,1843
676,342
676,1378
676,2527
677,146
677,1309
677,2001
678,222
678,2413
678,2570
679,224
679,1585
679,1818
680,1269
680,1311
680,2099
681,149
681,2242
681,2268
682,1831
682,2354
682,2401
683,90
683,735
683,736
684,145
684,870
684,1617
685,143
685,963
685,1343
686,338
686,1207
686,2354
687,305
687,481
687,2088
688,305
688,1029
688,2088
689,1017
689,2093
689,2434
690,896
690,1510
690,2242
691,1378
691,1922
691,2357
692,1029
692,1792
692,2053
693,637
693,745
693,1826
694,1177
694,1565
694,1617
695,540
695,1964
695,2401
696,984
696,1808
696,1857
697,401
697,1216
697,1431
698,751
698,896
698,938
699,1053
699,1631
699,2413
700,604
700,1840
700,2505
701,591
701,859
701,2100
702,1066
702,1121
702,1446
703,1291
703,1300
703,1618
704,501
704,675
704,690
705,653
705,658
705,1793
706,180
706,761
706,1343
707,154
707,1949
707,2401
708,1429
708,1680
708,2616
709,104
709,846
709,2083
710,1204
710,1818
710,2640
711,316
711,386
711,797
712,1017
712,1171
712,2467
713,487
713,2413
713,2424
714,942
714,1671
714,2020
715,40
715,484
715,1596
716,931
716,1485
716,1663
717,923
717,1858
717,2359
718,344
718,976
718,1843
719,521
719,561
719,782
720,809
720,1381
720,1761
721,1279
721,1673
721,2545
722,745
722,1855
722,2272
723,476
723,751
723,931
724,321
724,349
724,1793
725,707
725,2354
725,2441
726,173
726,2248
726,2355
727,104
727,810
727,2282
728,476
728,790
728,1557
729,413
729,1761
729,1898
730,650
730,1378
730,1793
731,389
731,591
731,1853
732,145
732,2206
732,2268
733,219
733,342
733,487
734,145
734,812
734,2071
735,745
735,967
735,2468
736,104
736,610
736,2088
737,224
737,985
737,1750
738,870
738,2398
738,2503
739,303
739,1933
739,2320
740,1423
740,1622
740,2639
741,1456
741,1641
741,1808
742,82
742,868
742,2008
743,675
743,2349
743,2484
744,361
744,1112
744,2529
745,750
745,1625
745,2631
746,484
746,982
746,1111
747,810
747,1891
747,2631
748,1989
748,2309
748,2354
749,170
749,514
749,940
750,1331
750,1682
750,2570
751,112
751,931
751,2616
752,391
752,1430
752,1949
753,80
753,86
753,2393
754,204
754,2008
754,2349
755,522
755,1288
755,2350
756,103
756,1063
756,1603
757,204
757,1795
757,2088
758,204
758,974
758,2088
759,266
759,520
759,1175
760,1044
760,1443
760,2093
761,189
761,2059
761,2152
762,342
762,931
762,1965
763,1446
763,1803
763,2015
764,205
764,1370
764,1474
765,835
765,1504
765,2527
766,332
766,941
766,2527
767,854
767,1983
767,2122
768,645
768,703
768,1176
769,182
769,293
769,810
770,188
770,591
770,2118
771,1079
771,1246
771,1850
772,220
772,802
772,2039
773,1596
773,1949
773,2088
774,548
774,869
774,1472
775,163
775,1150
775,2503
777,1367
777,1474
777,2206
778,491
778,574
778,2396
779,553
779,1617
779,2093
780,1704
780,1809
780,1858
781,458
781,931
781,1617
782,1153
782,2134
782,2434
783,94
783,786
783,2175
784,249
784,942
784,1858
785,569
785,679
785,1775
786,641
786,846
786,1285
787,2166
787,2349
787,2354
788,802
788,2224
788,2484
789,1132
789,1247
789,1626
790,535
790,1378
790,2354
791,633
791,1129
791,2304
792,39
792,1109
792,2148
793,823
793,985
793,2321
794,293
794,967
794,1845
795,1090
795,1654
795,2071
796,242
796,1407
796,2079
797,1463
797,2037
797,2373
798,923
798,1045
798,1507
799,145
799,1510
799,2381
800,167
800,2340
800,2570
801,112
801,145
801,204
802,942
802,2140
802,2166
803,464
803,1554
803,2408
804,435
804,2268
804,2506
805,1309
805,1675
805,1683
806,253
806,1056
806,1345
807,145
807,1078
807,2459
808,1207
808,2008
808,2114
809,589
809,1885
809,1906
810,40
810,569
810,2245
811,233
811,1713
811,2364
812,145
812,282
812,1162
813,145
813,392
813,802
814,687
814,1809
814,2277
815,1704
815,2171
815,2261
816,449
816,2354
816,2401
817,675
817,1017
817,2346
818,436
818,1395
818,2247
819,800
819,1171
819,2180
820,204
820,329
820,1017
821,870
821,1403
821,1964
822,823
822,1280
822,2008
823,162
823,1510
823,1802
824,1096
824,1171
824,1808
825,995
825,1235
825,2248
826,316
826,868
826,2262
827,484
827,963
827,1617
828,2093
828,2527
828,2599
829,1171
829,1423
829,2616
830,284
830,851
830,2616
831,467
831,503
831,2161
832,441
832,810
832,963
833,846
833,985
833,2008
834,600
834,1804
834,1932
835,90
835,899
835,2012
836,810
836,1596
836,1833
837,480
837,989
837,2580
838,182
838,484
838,2580
839,342
839,846
839,942
840,771
840,1216
840,1417
841,263
841,850
841,2262
842,54
842,334
842,472
843,810
843,1617
843,1833
844,810
844,1617
844,2616
845,1474
845,1671
845,2151
846,256
846,657
846,2467
847,974
847,1808
847,1858
848,664
848,1775
848,2357
849,40
849,104
849,2058
850,66
850,617
850,2556
851,724
851,2200
851,2656
852,31
852,617
852,2366
853,342
853,1162
853,1520
854,2235
854,2238
854,2248
855,745
855,1357
855,2484
856,1017
856,1123
856,1949
857,1162
857,1336
857,2008
858,1376
858,1474
858,1754
859,1000
859,1230
859,2539
860,515
860,1596
860,1949
861,422
861,1004
861,2467
862,90
862,182
862,868
863,657
863,1726
863,2467
864,850
864,1862
864,2467
865,90
865,1067
865,2467
866,293
866,1429
866,1862
867,376
867,504
867,2567
868,104
868,204
868,2616
869,1179
869,1949
869,2670
870,146
870,1751
870,1793
871,139
871,459
871,760
872,569
872,1431
872,2530
873,9
873,746
873,1665
874,342
874,2008
874,2527
875,11
875,684
875,1354
876,411
876,2334
876,2458
877,868
877,1150
877,1207
878,1315
878,1797
878,2517
879,204
879,810
879,1596
880,1166
880,1370
880,2114
881,171
881,1455
881,1825
882,335
882,555
882,2501
883,111
883,315
883,720
884,25
884,271
884,1897
885,1035
885,1562
885,1803
886,90
886,289
886,622
887,1265
887,1942
887,1942
888,6
888,1061
888,1809
889,571
889,684
889,2388
890,112
890,1949
890,2008
891,138
891,798
891,1638
892,118
892,419
892,2083
893,112
893,1474
893,1964
894,1279
894,1597
894,2223
895,1091
895,1807
895,2539
896,445
896,1802
896,2268
897,1024
897,1793
897,2037
898,575
898,789
898,2190
899,537
899,600
899,2663
900,947
900,1221
900,1305
901,709
901,1523
901,2430
902,140
902,1365
902,1858
903,1467
903,1540
903,2102
904,1793
904,1865
904,1931
905,152
905,243
905,2522
906,288
906,1208
906,1437
907,42
907,1328
907,1870
908,487
908,773
908,1617
909,367
909,1028
909,1966
910,55
910,978
910,2265
911,732
911,1399
911,2451
912,823
912,1287
912,2008
913,679
913,1061
913,1858
914,65
914,1020
914,1335
915,601
915,679
915,825
916,356
916,1854
916,2197
917,1964
917,2258
917,2571
918,309
918,1024
918,1074
919,896
919,1442
919,2539
920,656
920,2198
920,2402
921,812
921,1090
921,2581
922,508
922,2308
922,2491
923,498
923,1425
923,2416
924,27
924,1640
924,2453
925,293
925,1044
925,2373
926,1505
926,1549
926,2038
927,171
927,455
927,1259
928,316
928,2354
928,2401
929,1232
929,1426
929,1841
930,299
930,1147
930,1811
931,1298
931,1314
931,2335
932,1828
932,2068
932,2388
933,1044
933,1235
933,1856
934,846
934,923
934,2602
935,487
935,1322
935,1750
936,476
936,931
936,1622
937,763
937,764
937,1974
938,931
938,1377
938,1646
939,487
939,1378
939,1474
940,112
940,657
940,2377
941,68
941,156
941,238
942,446
942,1033
942,2158
943,2088
943,2349
943,2377
944,1975
944,2100
944,2253
945,942
945,1364
945,1506
946,40
946,810
946,1017
947,817
947,1377
947,2503
948,1979
948,2008
948,2262
949,528
949,1251
949,2124
950,1474
950,1507
950,1862
951,269
951,1173
951,1985
952,9
952,1795
952,2452
953,543
953,985
953,985
954,20
954,268
954,1001
955,1403
955,1807
955,2403
956,457
956,2191
956,2270
957,846
957,1498
957,2401
958,1620
958,1795
958,2403
959,1735
959,1795
959,2356
960,809
960,923
960,1045
961,976
961,1447
961,1839
962,161
962,1368
962,1964
963,1862
963,2242
963,2429
964,359
964,1207
964,2328
965,135
965,317
965,524
966,1617
966,1873
966,2353
967,1843
967,2015
967,2522
968,827
968,1366
968,2349
969,74
969,1256
969,2528
970,90
970,1862
970,2616
971,633
971,934
971,1754
972,2357
972,2467
972,2587
973,598
973,1669
973,2430
974,305
974,823
974,1498
975,293
975,2093
975,2277
976,1378
976,1423
976,2282
977,235
977,1284
977,1465
978,681
978,1324
978,1495
979,293
979,1158
979,1182
980,92
980,1207
980,2008
981,1634
981,1806
981,1827
982,9
982,666
982,2468
983,571
983,1682
983,1866
984,1381
984,1530
984,2447
985,149
985,727
985,1507
986,162
986,823
986,1029
987,1775
987,1840
987,2036
988,145
988,182
988,1022
989,316
989,1682
989,1793
990,476
990,923
990,2469
991,591
991,2034
991,2059
992,1909
992,2015
992,2050
993,17
993,425
993,1510
994,757
994,1221
994,1658
995,551
995,1086
995,1199
996,160
996,386
996,2015
997,19
997,1017
997,2093
998,630
998,637
998,1343
999,349
999,1061
999,1682
1000,546
1000,1534
1000,1622
1001,639
1001,1423
1001,2363
1002,248
1002,1403
1002,1439
1003,291
1003,809
1003,1669
1004,275
1004,1216
1004,2401
1005,810
1005,1596
1005,2008
1006,145
1006,2398
1006,2527
1007,869
1007,1075
1007,1585
1008,751
1008,788
1008,842
1009,688
1009,1796
1009,2119
1010,204
1010,2088
1010,2469
1011,1818
1011,1960
1011,2354
1012,810
1012,963
1012,1546
1013,149
1013,1951
1013,2291
1014,90
1014,745
1014,1216
1015,386
1015,633
1015,1739
1016,1403
1016,1412
1016,2542
1017,1125
1017,1566
1017,2083
1018,2073
1018,2570
1019,1262
1019,1937
1019,2049
1020,342
1020,896
1020,2261
1021,575
1021,1275
1021,1597
1022,282
1022,1862
1022,2054
1023,224
1023,653
1023,2412
1024,249
1024,329
1024,817
1025,86
1025,1581
1025,1836
1026,213
1026,1017
1026,2467
1027,342
1027,1378
1027,1833
1028,1453
1028,1915
1028,2036
1029,145
1029,1617
1029,1964
1030,1474
1030,1673
1030,1985
1031,346
1031,1861
1031,2566
1032,1409
1032,1858
1032,2398
1033,1358
1033,1534
1033,2177
1034,466
1034,2079
1034,2558
1035,176
1035,1310
1035,1348
1036,1531
1036,1671
1036,2539
1037,846
1037,1035
1037,1507
1038,1567
1038,1922
1038,2565
1039,165
1039,1127
1039,2138
1040,40
1040,535
1040,1111
1041,983
1041,1207
1041,1474
1042,164
1042,533
1042,1660
1043,342
1043,746
1043,2008
1044,1403
1044,1435
1044,2443
1045,394
1045,1384
1045,2019
1046,375
1046,653
1046,1171
1047,653
1047,870
1047,1581
1048,71
1048,1793
1048,2039
1049,82
1049,249
1049,1979
1050,1200
1050,1201
1050,1883
1051,322
1051,1337
1051,1755
1052,650
1052,1468
1052,2361
1053,942
1053,1631
1053,2020
1054,433
1054,1165
1054,1677
1055,330
1055,976
1055,1585
1056,974
1056,2088
1056,2149
1057,249
1057,1368
1057,2306
1058,1409
1058,1474
1058,1507
1059,657
1059,810
1059,1949
1060,40
1060,282
1060,1862
1061,997
1061,1608
1061,1789
1062,359
1062,600
1062,1182
1063,145
1063,1216
1063,2398
1064,289
1064,1169
1064,2484
1065,1979
1065,2354
1065,2616
1066,918
1066,1167
1066,2366
1067,329
1067,1510
1067,1524
1068,145
1068,1029
1068,1858
1069,34
1069,1523
1069,1735
1070,149
1070,484
1070,1235
1071,1551
1071,2183
1071,2595
1072,293
1072,745
1072,2651
1073,594
1073,1630
1073,1661
1074,289
1074,393
1074,2549
1075,40
1075,2411
1075,2469
1076,2083
1076,2277
1076,2642
1077,476
1077,1949
1077,2008
1078,719
1078,811
1078,2358
1079,816
1079,1495
1079,2566
1080,931
1080,1029
1080,1431
1081,265
1081,1501
1081,1750
1082,1450
1082,1830
1082,2180
1083,1809
1083,1869
1083,2388
1084,375
1084,1209
1084,1559
1085,204
1085,919
1085,1839
1086,249
1086,675
1086,1964
1087,1349
1087,1795
1087,2527
1088,149
1088,249
1088,2008
1089,422
1089,931
1089,1507
1090,532
1090,2268
1090,2357
1091,563
1091,1160
1091,2659
1092,1281
1092,1574
1092,2654
1093,473
1093,1625
1093,2041
1094,1166
1094,2015
1094,2662
1095,439
1095,733
1095,2503
1096,543
1096,1811
1096,2349
1097,83
1097,1378
1097,2198
1098,529
1098,1343
1098,2033
1099,398
1099,1994
1099,2254
1100,249
1100,675
1100,2624
1101,332
1101,569
1101,2088
1102,1736
1102,1750
1102,2061
1103,112
1103,1017
1103,1949
1104,116
1104,1063
1104,1497
1105,112
1105,653
1105,985
1106,868
1106,942
1106,2088
1107,34
1107,1125
1107,1591
1108,293
1108,658
1108,1087
1109,752
1109,897
1109,962
1110,1371
1110,2357
1110,2416
1111,1507
1111,2349
1111,2467
1112,89
1112,1048
1112,2551
1113,490
1113,1782
1113,1862
1114,693
1114,1590
1114,1788
1115,34
1115,1416
1115,1507
1116,460
1116,831
1116,1244
1117,462
1117,923
1117,1087
1118,18
1118,640
1118,1014
1119,846
1119,1160
1119,1717
1120,86
1120,938
1120,1035
1121,931
1121,1291
1121,2472
1122,357
1122,1542
1122,1577
1123,67
1123,1367
1123,2093
1124,145
1124,1654
1124,2277
1125,569
1125,1802
1125,2093
1126,1158
1126,1239
1126,2349
1127,249
1127,817
1127,931
1128,401
1128,1061
1128,2002
1129,293
1129,1795
1129,2088
1130,1207
1130,2372
1130,2377
1131,977
1131,1003
1131,1941
1132,332
1132,868
1132,2282
1133,208
1133,493
1133,2640
1134,329
1134,1074
1134,2008
1135,476
1135,1125
1135,1158
1136,1065
1136,1357
1136,2062
1137,1299
1137,2543
1137,2653
1138,1654
1138,2370
1138,2413
1139,414
1139,1250
1139,1959
1140,421
1140,1451
1140,2215
1141,1949
1141,2008
1141,2527
1142,487
1142,601
1142,931
1143,745
1143,1111
1143,1964
1144,112
1144,182
1144,1541
1145,1656
1145,2031
1145,2345
1146,1507
1146,1858
1146,2587
1147,145
1147,616
1147,1858
1148,815
1148,1530
1148,2114
1149,751
1149,1341
1149,2659
1150,25
1150,896
1150,2206
1151,1808
1151,1811
1151,2580
1152,341
1152,2392
1152,2545
1153,923
1153,1035
1153,2210
1154,1029
1154,1921
1154,1949
1155,1423
1155,1704
1155,2015
1156,817
1156,1489
1156,2093
1157,1317
1157,1751
1157,1897
1158,305
1158,615
1158,2365
1159,934
1159,942
1159,2088
1160,145
1160,1507
1160,2349
1161,616
1161,969
1161,1287
1162,40
1162,1964
1162,2166
1163,217
1163,1466
1163,1654
1164,98
1164,221
1164,2308
1165,98
1165,221
1165,2308
1166,1403
1166,1926
1166,2031
1167,1535
1167,1601
1167,1669
1168,204
1168,569
1168,846
1169,1216
1169,2020
1169,2484
1170,204
1170,1053
1170,2398
1171,1370
1171,1926
1171,2008
1172,146
1172,349
1172,1517
1173,9
1173,305
1173,2008
1174,493
1174,1178
1174,2499
1175,622
1175,1617
1175,2008
1176,40
1176,1235
1176,2580
1177,546
1177,1219
1177,2616
1178,145
1178,213
1178,1811
1179,1556
1179,1567
1179,2008
1180,144
1180,2411
1180,2639
1181,484
1181,2206
1181,2354
1182,318
1182,509
1182,1085
1183,36
1183,401
1183,1711
1184,160
1184,868
1184,2008
1185,293
1185,600
1185,923
1186,316
1186,1149
1186,2428
1187,1431
1187,1964
1187,2277
1188,85
1188,862
1188,2416
1189,745
1189,1118
1189,1474
1190,293
1190,1617
1190,2469
1191,332
1191,1055
1191,2349
1192,638
1192,1024
1192,1647
1193,1024
1193,1478
1193,2359
1194,1171
1194,1671
1194,1803
1195,616
1195,1858
1195,2547
1196,365
1196,1726
1196,2549
1197,1
1197,90
1197,2671
1198,795
1198,1277
1198,2389
1199,675
1199,830
1199,2616
1200,668
1200,678
1200,2056
1201,112
1201,2012
1201,2349
1202,985
1202,1128
1202,1750
1203,2093
1203,2268
1203,2282
1204,332
1204,1017
1204,2088
1205,569
1205,1750
1205,2373
1206,590
1206,1298
1206,2277
1207,40
1207,104
1207,745
1208,476
1208,622
1208,1170
1209,476
1209,653
1209,658
1210,653
1210,1072
1210,2383
1211,65
1211,653
1211,985
1212,163
1212,1739
1212,2522
1213,305
1213,2088
1213,2570
1214,130
1214,342
1214,2404
1215,149
1215,1235
1215,1949
1216,249
1216,1235
1216,1949
1217,249
1217,484
1217,1964
1218,1683
1218,2216
1218,2217
1219,227
1219,1185
1219,2280
1220,1233
1220,1934
1220,2539
1221,968
1221,1705
1221,1750
1222,1520
1222,1911
1222,2357
1223,373
1223,1035
1223,2451
1224,1738
1224,2084
1224,2636
1225,112
1225,185
1225,817
1226,104
1226,112
1226,275
1227,151
1227,1875
1227,2500
1228,972
1228,1761
1228,1932
1229,354
1229,608
1229,1207
1230,653
1230,813
1230,1507
1231,985
1231,1158
1231,1567
1232,224
1232,1858
1232,2144
1233,112
1233,974
1233,1858
1234,476
1234,2008
1234,2349
1235,943
1235,1227
1235,2449
1236,216
1236,293
1236,1423
1237,1253
1237,1944
1237,2419
1238,732
1238,1794
1238,2212
1239,386
1239,942
1239,1216
1240,293
1240,1561
1240,2289
1241,9
1241,2232
1241,2261
1242,745
1242,998
1242,1283
1243,985
1243,1949
1243,2093
1244,869
1244,1611
1244,1754
1245,204
1245,749
1245,1862
1246,1676
1246,2122
1246,2419
1247,112
1247,985
1247,2008
1248,392
1248,1507
1248,1964
1249,1229
1249,1605
1249,2129
1250,373
1250,1979
1250,2349
1251,570
1251,776
1251,2159
1252,90
1252,216
1252,501
1253,40
1253,868
1253,2349
1254,600
1254,1143
1254,1949
1255,423
1255,1027
1255,2206
1256,985
1256,2587
1256,2659
1257,976
1257,1522
1257,2332
1258,846
1258,850
1258,2354
1259,1793
1259,2419
1259,2580
1260,360
1260,1726
1260,1825
1261,282
1261,1216
1261,2616
1262,1474
1262,1507
1262,1529
1263,34
1263,2056
1263,2413
1264,896
1264,1017
1264,1949
1265,332
1265,679
1265,2198
1266,332
1266,679
1266,1135
1267,1377
1267,1792
1267,2108
1268,851
1268,1280
1268,2663
1269,931
1269,1456
1269,2113
1270,800
1270,818
1270,846
1271,1209
1271,2354
1271,2637
1272,2082
1272,2419
1272,2472
1273,868
1273,931
1273,1322
1274,174
1274,1334
1274,2413
1275,145
1275,1380
1275,2268
1276,332
1276,870
1276,1792
1277,518
1277,2309
1277,2457
1278,476
1278,2008
1278,2349
1279,59
1279,1216
1279,2255
1280,1249
1280,1277
1280,2417
1281,40
1281,464
1281,1158
1282,653
1282,1423
1282,1940
1283,145
1283,1216
1283,2113
1284,1143
1284,1380
1284,1652
1285,465
1285,1565
1285,2398
1286,69
1286,391
1286,2414
1287,270
1287,684
1287,1051
1288,72
1288,1216
1288,2539
1289,14
1289,631
1289,1904
1290,1795
1290,2088
1290,2616
1291,994
1291,1964
1291,1967
1292,1792
1292,1964
1292,2277
1293,931
1293,1162
1293,2428
1294,916
1294,2138
1294,2388
1295,1011
1295,1016
1295,2138
1296,293
1296,2117
1296,2471
1297,1253
1297,1587
1297,1813
1298,342
1298,1596
1298,1949
1299,352
1299,1996
1299,2664
1300,1134
1300,2377
1300,2464
1301,737
1301,1141
1301,1711
1302,1625
1302,1858
1302,2631
1303,784
1303,1240
1303,2571
1304,942
1305,386
1305,868
1305,1811
1306,745
1306,1162
1306,1811
1307,1207
1307,1507
1307,1792
1308,293
1308,1035
1308,1853
1309,487
1309,1423
1309,2587
1310,104
1310,1793
1310,1843
1311,1162
1311,2008
1311,2401
1312,40
1312,204
1312,1035
1313,204
1313,1216
1313,2631
1314,40
1314,104
1314,204
1315,1126
1315,2015
1315,2659
1316,401
1316,1811
1316,2207
1317,225
1317,1627
1317,2126
1318,112
1318,204
1318,1017
1319,101
1319,931
1319,1216
1320,1093
1320,1405
1320,1963
1321,591
1321,2015
1321,2539
1322,1261
1322,1683
1322,2657
1323,149
1323,1670
1323,1843
1324,342
1324,1162
1324,1498
1325,90
1325,2206
1325,2281
1326,803
1326,1227
1326,2309
1327,25
1327,1182
1327,2020
1328,1830
1328,1964
1328,2166
1329,679
1329,2527
1329,2587
1330,956
1330,1072
1330,1750
1331,675
1331,2122
1331,2663
1332,149
1332,422
1332,1171
1333,1650
1333,1669
1333,2199
1334,163
1334,1498
1334,2093
1335,104
1335,2008
1335,2663
1336,386
1336,1805
1336,2323
1337,850
1337,1205
1337,1683
1338,1300
1338,1367
1338,1853
1339,474
1339,1179
1339,2282
1340,1298
1340,1553
1340,1750
1341,750
1341,976
1341,2177
1342,779
1342,1586
1342,2213
1343,484
1343,501
1343,2480
1344,139
1344,204
1344,590
1345,34
1345,653
1345,1577
1346,293
1346,2446
1346,2663
1347,40
1347,213
1347,809
1348,216
1348,746
1348,2467
1349,1684
1349,2145
1349,2434
1350,1423
1350,2282
1350,2618
1351,543
1351,909
1351,988
1352,745
1352,1022
1352,2401
1353,112
1353,476
1353,2093
1354,418
1354,674
1354,2647
1355,229
1355,591
1355,2314
1356,623
1356,695
1356,1390
1357,1300
1357,1618
1357,2579
1358,56
1358,112
1358,655
1359,204
1359,2008
1359,2349
1360,249
1360,931
1360,1216
1361,1689
1361,2080
1361,2467
1362,386
1362,923
1362,927
1363,182
1363,1431
1363,1624
1364,23
1364,923
1364,2298
1365,1326
1365,2466
1365,2592
1366,265
1366,814
1366,2186
1367,425
1367,465
1367,2078
1368,1510
1368,1858
1368,2373
1369,90
1369,293
1369,2210
1370,299
1370,1736
1370,2413
1371,421
1371,1521
1371,2020
1372,464
1372,1868
1372,2401
1373,1802
1373,1969
1373,2037
1374,659
1374,985
1374,2266
1375,145
1375,223
1375,1111
1376,1567
1376,2354
1376,2486
1377,1023
1377,1616
1377,2276
1378,112
1378,212
1378,1017
1379,1048
1379,1172
1379,2428
1380,862
1380,1258
1380,2625
1381,1166
1381,1440
1381,2265
1382,70
1382,1811
1382,2012
1383,443
1383,845
1383,1452
1384,34
1384,420
1384,422
1385,112
1385,247
1385,2008
1386,160
1386,1661
1386,1840
1387,386
1387,465
1387,2373
1388,725
1388,1968
1388,2552
1389,582
1389,662
1389,2342
1390,1024
1390,1472
1390,2359
1391,1155
1391,1286
1391,2449
1392,242
1392,615
1392,2398
1393,487
1393,2020
1393,2083
1394,295
1394,1338
1394,2104
1395,1162
1395,1489
1395,2100
1396,1226
1396,1751
1396,1808
1397,145
1397,293
1397,1216
1398,2020
1398,2484
1398,2663
1399,622
1399,1014
1399,2411
1400,19
1400,868
1400,1154
1401,51
1401,1469
1401,1514
1402,751
1402,986
1402,1880
1403,236
1403,875
1403,1400
1404,600
1404,1876
1404,2439
1405,1483
1406,1501
1406,1750
1406,2198
1407,272
1407,293
1407,2232
1408,836
1408,2213
1408,2664
1409,163
1409,2242
1409,2503
1410,237
1410,2429
1410,2443
1411,173
1411,1811
1411,1964
1412,1868
1412,1944
1412,2122
1413,305
1413,1665
1413,2503
1414,73
1414,1241
1414,1397
1415,477
1415,1287
1415,2545
1416,305
1416,1076
1416,1964
1417,749
1417,2245
1417,2651
1418,112
1418,342
1418,422
1419,899
1419,1143
1419,2455
1420,90
1420,182
1420,751
1421,1370
1421,1673
1421,2469
1422,810
1422,1328
1422,1369
1423,375
1423,1991
1423,2514
1424,1794
1424,1833
1424,2122
1425,405
1425,1091
1425,2460
1426,213
1426,1277
1426,1385
1427,721
1427,1057
1427,2088
1428,942
1428,1191
1428,1216
1429,545
1429,797
1429,2668
1430,896
1430,1795
1430,1949
1431,422
1431,1235
1431,2510
1432,1507
1432,1711
1432,2446
1433,326
1433,859
1433,1932
1434,1078
1434,1662
1434,2091
1435,963
1435,2283
1435,2671
1436,233
1436,2327
1436,2635
1437,145
1437,1017
1437,1768
1438,846
1438,1061
1438,1412
1439,569
1439,1792
1439,2376
1440,477
1440,1825
1440,2059
1441,112
1441,484
1441,2008
1442,923
1442,985
1442,1143
1443,923
1443,985
1443,1143
1444,652
1444,1520
1444,2427
1445,1342
1445,1811
1446,1367
1446,2166
1446,2401
1447,145
1447,1017
1447,1949
1448,182
1448,900
1448,2008
1449,204
1449,1403
1449,2527
1450,204
1450,1143
1450,2198
1451,563
1451,1474
1451,2206
1452,145
1452,149
1452,1029
1453,182
1453,1423
1453,2354
1454,332
1454,2083
1454,2484
1455,591
1455,1858
1455,2580
1456,316
1456,456
1456,2357
1457,40
1457,1055
1457,2020
1458,75
1458,1431
1458,2244
1459,112
1459,1366
1459,2272
1460,670
1460,802
1460,1378
1461,162
1461,1539
1461,1562
1462,562
1462,1199
1462,1562
1463,821
1463,1408
1463,2273
1464,874
1464,1868
1464,2570
1465,727
1465,1474
1465,1862
1466,1556
1466,1617
1466,2093
1467,329
1467,1216
1467,2268
1468,21
1468,2435
1468,2463
1469,112
1469,249
1469,1297
1470,219
1470,1403
1470,1653
1471,145
1471,484
1471,2277
1472,1236
1472,1237
1472,1238
1473,976
1473,1378
1473,1582
1474,149
1474,293
1474,2384
1475,50
1476,563
1476,1498
1476,2211
1477,6
1477,1025
1477,2568
1478,863
1478,1343
1478,1388
1479,653
1479,2467
1479,2527
1480,275
1480,679
1480,917
1481,1381
1481,1761
1481,1812
1482,1803
1482,1818
1482,2570
1483,650
1483,1088
1483,1334
1484,401
1484,1035
1484,1790
1485,1596
1485,1617
1485,2354
1486,240
1486,1043
1486,1564
1487,714
1487,1551
1487,2100
1488,112
1488,538
1488,2372
1489,1312
1489,1473
1489,1938
1490,846
1490,1403
1490,1448
1491,1980
1491,2279
1491,2652
1492,495
1492,644
1492,2454
1493,591
1493,643
1493,981
1494,145
1494,293
1494,1128
1495,758
1495,1139
1495,1213
1496,679
1496,1617
1496,2657
1497,316
1497,1035
1497,1901
1498,1287
1498,1378
1498,2222
1499,1174
1499,1920
1499,2146
1500,303
1500,2035
1500,2087
1501,400
1501,1588
1501,2077
1502,641
1502,2012
1502,2277
1503,463
1503,1761
1503,2543
1504,1795
1504,1858
1504,1949
1505,357
1505,2192
1505,2210
1506,316
1506,550
1506,1910
1507,1019
1507,1338
1507,2168
1508,25
1508,144
1508,1392
1509,9
1509,204
1509,1029
1510,298
1510,1029
1510,1964
1511,530
1511,960
1511,1573
1512,66
1512,2159
1512,2410
1513,1803
1513,2127
1513,2185
1514,1453
1514,1563
1514,2509
1515,2122
1515,2401
1515,2651
1516,949
1516,2225
1516,2436
1517,112
1517,249
1517,1150
1518,162
1518,293
1518,2631
1519,633
1519,923
1519,1216
1520,1091
1520,1416
1520,2481
1521,724
1521,1750
1521,2164
1522,769
1522,2485
1522,2563
1523,828
1523,1118
1523,1932
1524,1474
1524,1964
1524,2262
1525,727
1525,1862
1525,2100
1526,85
1526,1429
1526,1532
1527,653
1527,1600
1527,2261
1528,616
1528,1367
1528,2349
1529,19
1529,1045
1529,1359
1530,63
1530,230
1530,2266
1531,1177
1531,1423
1531,2527
1532,316
1532,1496
1532,1964
1533,1378
1533,1679
1533,1811
1534,749
1534,1631
1534,2230
1535,1746
1535,1871
1535,2282
1536,112
1536,974
1536,2331
1537,796
1537,1266
1537,1595
1538,482
1538,1038
1538,2615
1539,1478
1539,2032
1539,2248
1540,1210
1540,1703
1540,1891
1541,163
1541,1017
1541,2093
1542,1670
1542,1891
1542,2439
1543,461
1543,1171
1543,1803
1544,923
1544,967
1544,2158
1545,104
1545,2083
1545,2349
1546,24
1546,1252
1546,2482
1547,653
1547,1793
1547,2198
1548,1670
1548,2445
1548,2660
1549,539
1549,1136
1549,1517
1550,1307
1550,1507
1550,2522
1551,1160
1551,2071
1551,2570
1552,1423
1552,1622
1552,1791
1553,1194
1553,1474
1553,1739
1554,182
1554,332
1554,2663
1555,219
1555,2008
1555,2093
1556,98
1556,864
1556,2521
1557,483
1557,1218
1557,1976
1558,1052
1558,1217
1558,2163
1559,868
1559,1287
1559,1964
1560,1495
1560,2094
1560,2453
1561,1596
1561,1795
1561,2088
1562,1922
1562,1999
1562,2487
1563,1017
1563,1409
1563,2277
1564,923
1564,1072
1564,1625
1565,1035
1565,1520
1565,2274
1566,275
1566,425
1566,2631
1567,168
1567,773
1567,1267
1568,204
1568,931
1568,2123
1569,983
1569,1273
1569,1548
1570,219
1570,293
1570,2093
1571,1035
1571,1182
1571,1682
1572,1120
1572,1124
1572,2269
1573,745
1573,1594
1573,1811
1574,1103
1574,1726
1574,2092
1575,204
1575,1209
1575,2206
1576,912
1576,976
1576,1378
1577,760
1577,1990
1577,2122
1578,316
1578,746
1578,2106
1579,394
1579,651
1579,1275
1580,1061
1580,1792
1580,2364
1581,422
1581,1964
1581,2580
1582,145
1582,204
1582,1617
1583,810
1583,2443
1583,2496
1584,896
1584,2122
1584,2261
1585,928
1585,2029
1585,2596
1586,71
1586,204
1586,679
1587,332
1587,974
1587,1017
1588,1160
1588,1367
1588,1622
1589,304
1589,605
1589,2281
1590,145
1590,1029
1590,1367
1591,342
1591,869
1591,1114
1592,249
1592,931
1592,1367
1593,889
1593,1847
1593,2268
1594,219
1594,1818
1594,2206
1595,616
1595,1230
1595,1372
1596,266
1596,773
1596,1617
1597,215
1597,1046
1597,1343
1598,653
1598,2204
1598,2260
1599,106
1599,445
1599,1695
1600,985
1600,2082
1600,2171
1601,316
1601,1428
1601,2245
1602,246
1602,1944
1602,2122
1603,837
1603,1421
1603,2555
1604,663
1604,1502
1604,1504
1605,797
1605,1434
1605,1769
1606,332
1606,1045
1606,1617
1607,484
1607,591
1607,2354
1608,571
1608,1367
1608,1833
1609,316
1609,923
1609,1544
1610,263
1610,525
1610,2467
1611,348
1611,929
1611,1014
1612,570
1612,572
1612,827
1613,1648
1613,2079
1613,2311
1614,280
1614,391
1614,2369
1615,182
1615,1858
1615,1964
1616,83
1616,569
1616,1792
1617,1067
1617,2143
1617,2620
1618,307
1618,1212
1618,1462
1619,1579
1619,2497
1619,2637
1620,478
1620,1811
1620,2088
1621,124
1621,1379
1621,1670
1622,112
1622,1150
1622,1596
1623,349
1623,531
1623,846
1624,182
1624,923
1624,1354
1625,453
1625,1520
1625,1645
1626,684
1626,869
1626,1429
1627,40
1627,112
1627,1795
1628,249
1628,1964
1628,2663
1629,40
1629,112
1629,476
1630,1617
1630,1772
1630,2008
1631,68
1631,1708
1631,2578
1632,653
1632,2106
1632,2472
1633,305
1633,1029
1633,2088
1634,1016
1634,1214
1634,2197
1635,1097
1635,2488
1635,2616
1636,931
1636,1111
1636,2008
1637,944
1637,2171
1637,2377
1638,756
1638,1222
1638,2401
1639,34
1639,679
1639,810
1640,1287
1640,1619
1640,1798
1641,1275
1641,1284
1641,2352
1642,293
1642,547
1642,1209
1643,1604
1643,2127
1643,2136
1644,1640
1644,2041
1644,2522
1645,1022
1645,1216
1645,1833