"id","amount","booking_id"
"0085A403CB7746639BDA4AA13685D72B",750.0,"214"
"009B662D20254FC68E1821830A638F5E",420.0,"47"
"00BF506FCFDD474FBD290016F459F3EF",1400.0,"353"
"01B9DA415860477E8673030277AE8A8A",1800.0,"50"
"01DEEBF59D63447D88A347357BF04F69",450.0,"279"
"02090413843F4CE5AB2FECCBEEB35579",680.0,"330"
"023ED26EDFE940729C93520102FCA13F",800.0,"358"
"025A3C9C4D41448BB02A7D70FFAA3C9B",340.0,"682"
"029CC10A363C4F0588DBEB9D83C76598",1170.0,"9"
"02B7EAEDC69E49A2B1D08557756AFE8F",800.0,"465"
"030F21CFE23E4DF98AE4EE7A1EBCF50F",510.0,"763"
"0489FC134CBA4AE596CF6AE603FC38D6",1000.0,"574"
"04C03359777247ADBA5735E52BC8B60F",300.0,"246"
"04CFF4F5DEF24291A6784306B8C7338C",200.0,"543"
"04D318664EE747288326B80D268D41AD",980.0,"390"
"04E901DC0D9D403D9D18250C87C1CBF0",800.0,"778"
"053836D419E8416AB32BF71E64744D60",650.0,"798"
"055BB0C28EDA46A0885D472EB60BC0C0",420.0,"671"
"066A2016237E428B87CA8EF2CE968D8B",170.0,"780"
"067860001F054816934E32376D0A9B66",850.0,"256"
"068685BECB2F4FAAAD33C86BFCFAC348",1400.0,"935"
"06EAE6D550704D6A9D084BF571163E43",170.0,"500"
"0738D8AE6287429695F012EB8DF50B2B",200.0,"576"
"074A660BB9D2458EBB0009F08EA38F28",560.0,"765"
"0790E00709404667AED7E7830630CC4B",390.0,"141"
"07D501F1E0C34D54B89AC09BD5D5E86D",780.0,"581"
"07EA93070B7A4E83B11F8A3F60E24A92",150.0,"720"
"0841A87AC18F483B85F5CFD72D413877",850.0,"990"
"086818C832A844FE8C605DA70168F476",1000.0,"475"
"08A2A033E305465091E6C9A2641BE5C7",840.0,"815"
"08A2A7DFC8AC45F58ADFEEB73BC684C9",2000.0,"937"
"09216C2D4D9E43A283D48DBA60E63A9F",340.0,"48"
"093BE75A50D243BAB9685445505D5D32",700.0,"316"
"0A9BFC21A9324DC9B55782E0DE969245",1200.0,"760"
"0AABC2582D79432BAA61A18870FE1E28",780.0,"710"
"0AAF46CCF5114DB1869937508DE09B3B",560.0,"822"
"0AE097E09F6846798CE8E2C75BD4EEE5",100.0,"571"
"0AE77264F30F4A78B5B41F9B4D553C4B",1360.0,"961"
"0B32E11E44DB46008D1EE12FB29040AE",840.0,"347"
"0BB408613F884755B185C772B3B5DD10",650.0,"836"
"0C24C067EB784D6BB0390BE3DB4E0E98",780.0,"503"
"0C5A2D1BC97F4675964E3CD8F16CE5F8",1260.0,"267"
"0C5A796049CE4A1180DB75B64482152D",980.0,"459"
"0C6F9B4C737E4D16A5595127F33BCEDE",450.0,"426"
"0CB9F0DF28E34CD1A3F4038378017917",1360.0,"993"
"0CD8561189E742E9A044808AA10F6BA7",700.0,"417"
"0DC72807C79F4AAF9E73A1D06C016A9C",1400.0,"332"
"0E3A3F0406854C7AA4069DD406657F5F",400.0,"364"
"0E5419D8EA9C44138DDEDF04CA5E2FF3",1350.0,"918"
"0E671FECC26140D3A0B55A450ACC0BAE",700.0,"238"
"0E7D67AF501B42A58E987C3CE6E596D4",300.0,"728"
"0EEE9F9B4AA44B90B1480DDC07618EF3",1800.0,"369"
"0EF9E24500344FB5B111DE5BCE12E0F8",900.0,"219"
"0F04CFAB3D684C00AA2F14D2CAECC5DA",1700.0,"703"
"0F8D3D84AB2945958669217B76649089",850.0,"113"
"0FCD2F75CB9D44478428C7BB40CB1816",420.0,"896"
"0FD32E2CE07943B395CA717EC3A49D29",1350.0,"477"
"10202B8A3B7747CE8956D39EF3C610A9",840.0,"234"
"104041A4496B4F0D9B77075D09BD7EE0",1360.0,"159"
"105AF2CA7C9D4AFA82A591D085F32FE8",1000.0,"684"
"10C66C8DA58B4E4A9E8E095078E1131C",910.0,"779"
"1144FBDF2112442AAA7DDB56893EBEDD",800.0,"797"
"11ED2D26864B466595CE1D6046847F7E",100.0,"709"
"121B21A307244947BF17ED3151036EDC",400.0,"271"
"125EC4F5718C40E1AC492A7D244F515C",750.0,"67"
"126DFB7368D444DE9C8BA6CD22D9463C",130.0,"60"
"128DDB32F9A84F96B60DEAC2FAD6114F",1360.0,"680"
"12B5BC6351EB4FD4BCA19128BE4FD2E9",900.0,"645"
"12D7363CBC0A419191335274A4F80895",1530.0,"26"
"13368D96300B43868884B5D6401020D5",420.0,"176"
"1340DFDDF274432D9F2BFA7B3ABB9F4C",1050.0,"566"
"136639B38EDA41E4A0A1E8B472037DC5",1260.0,"888"
"139B4AE1961344F6A1BDDEC93DE60444",700.0,"5"
"13E4A8B618C142D5B32919379B6BC0C4",390.0,"6"
"14284A4B43A0432D959BCC67238074D1",900.0,"813"
"146E83778A0E40909A4C06D5C2D6FBC2",340.0,"997"
"147E8EC8CBD54DC1B221D13B2BA35050",280.0,"22"
"14973F8C0CCE4DE894BAD4F2F3C4632C",560.0,"619"
"14A8804DEF6046EBBA9C037FC98436D3",1360.0,"479"
"14E433F7A8244249825EB507C65B42EC",1400.0,"90"
"1527C21699D34D99A94B73305E6FE851",1170.0,"127"
"155C4ACEA4FD48DABA0B669DAD9F6FF2",980.0,"140"
"158735342DA44DD7B1E701C57473AF08",780.0,"744"
"161389E9A11F495EB286FB0D16701F7E",780.0,"458"
"1684EEFFCBFB463A8B2DFB70404EB17C",650.0,"404"
"1734B3557DE94877B7DC60E39C230718",130.0,"963"
"1795B317290F47F69ACD1EAECA771DF4",840.0,"712"
"17FCE206528C409F884F7D6973EEBBF3",1300.0,"429"
"18230AC6A3B24762B6B90E0D1B80F684",1700.0,"916"
"1835211A81344C06863547FA00C608F8",700.0,"618"
"185E19FCF38742B58197C20F470A6F34",1120.0,"453"
"18B05128FE0A4683818559B436DF23E7",900.0,"547"
"18B1725736DA43D1AE114479B4F8BBCF",560.0,"947"
"18E4C45DAED94E24A91BAE39E4291124",1800.0,"936"
"1909B2CC2D3641B7BFFF073289843064",840.0,"241"
"1986D29E14454EA9820245B029F5BFE2",1050.0,"389"
"19C284CC9A934729BB02D232A6FEB959",510.0,"1"
"19E143DFFB684F3895138EB1BAC2749F",1400.0,"437"
"19F9A4FD665A4A45808362466E72522F",700.0,"575"
"19FE497E07A046D29798B0B73EAE6564",1530.0,"210"
"1AB0A329C426497A90E237EB8771CD5C",2000.0,"45"
"1AC5BB2402804AC398D0BFADBCFAB011",1040.0,"388"
"1AF1323DDB894290A9314D9696FA757F",750.0,"35"
"1B0A47E7FB624BAFBF781416DAD24005",510.0,"653"
"1B28C64450084775A0E2F887ED822E1E",1020.0,"402"
"1BDD86D002ED4ED5BC4D71700F94D8B3",1050.0,"474"
"1BE36018F10942529597E5DA29B21804",560.0,"675"
"1BE65EAD101341F297A76136AFC98DC6",1200.0,"163"
"1BF7FDDBCFAF41A6A46790EA2EA52CA7",780.0,"418"
"1C0B4E4D73FE4C9F817468FBB0AFBDDB",400.0,"445"
"1C7068FE4C9F4E7E8756BA850E12B695",1300.0,"487"
"1C8DE2070D284E97928A6458196F880F",680.0,"722"
"1CA1C4EB52B7421DBE196C06A1674C49",1170.0,"16"
"1CCA81D60FDD4E63986FB2C91D58B15E",520.0,"844"
"1CDD9014D43842EA8A52E4A5146BA838",600.0,"752"
"1CEB8624BD434C94BC976D6EA04AF617",300.0,"687"
"1DB2EB41A78446658D94D1FD31CED1EA",280.0,"840"
"1DE1C10EC24D484AA81F5AF9488B7E47",900.0,"552"
"1DFEF0D8CF4D4A5FBB14C3FF2E9EA219",1120.0,"436"
"1EFA67CEFC0F403B8AB379798EF68232",300.0,"609"
"1F6DC039F6C14436B74388A62A511A9D",1400.0,"585"
"1F82F6C3E2FD431F8B0129BCD4FA9555",150.0,"449"
"1FDA4387FB944E39892B06DA7FD4C71B",850.0,"875"
"209AA6990C244B31BF70AA9D49ACCA0B",910.0,"177"
"20BF7895BC704672B4300A5684C79F50",150.0,"818"
"20FD04D321DB42AFB885EAA1631BB500",260.0,"262"
"21461D18907346B2B88E343F5584A085",140.0,"259"
"215BDD6117D746F3A7E25AF24171DF87",1400.0,"155"
"216706CADCFA4EAE857ABC4F540ABFF2",850.0,"708"
"21AB81A42BFA4FE2AF2242E5DECA7910",840.0,"236"
"21B87443076147778B6DD3E4B9926F6B",340.0,"881"
"21BF84720EE94B799318845AADB78AA6",980.0,"387"
"223800D5DC264925995A09FFCB90329C",650.0,"579"
"22680929424749F9AF384FCA9559AE52",600.0,"106"
"22A565545DCF44798C79A828B382339A",100.0,"130"
"22C6FB6494944CE0AEC3941DB8C98E6A",200.0,"506"
"234C0BAD10A54921B75B7790B015C320",300.0,"793"
"248DB61F348546E8BE0158DA0A86F7CC",260.0,"848"
"24BB2310DF9245E28F76F2E20A119F38",1020.0,"142"
"24D1C499C2D84014B354F81C88E4EF0C",1530.0,"116"
"24DFB495BAFF4EE6BCEF82AC63520178",280.0,"260"
"2530D3FFB4564DF18AD04E43F47D97A4",910.0,"88"
"254565512BCF459FAAD83AA3BF7B3D25",980.0,"186"
"2573DBD6BB904AAB8758B07BF944F9DF",1530.0,"735"
"25988E8FF37F40E5AF003F47609469FB",1600.0,"954"
"25B537001E744AD8ADEEB3BA76FF5FC8",500.0,"577"
"25C2544847474EDCB5FA75BEEC3F7A4D",600.0,"331"
"25DA3BA1BCE44ECEB003E719817D4B75",390.0,"908"
"2603B3EBCAEB4C78AF2F5F0F97984D63",1530.0,"425"
"2611217BAF904C0CB3CA3194C6D4050B",1190.0,"561"
"26E47CB3EF574B1EB51B3B2071DEC3B2",200.0,"335"
"277F5A1C34EF4A21A1301F3EB18FF29B",140.0,"339"
"27C9750F75454C57BE10C4A62BB0BD41",1170.0,"441"
"27EE60BEF8E948B795799A0707A06348",1350.0,"643"
"28A713D107C549C4AEFE050697FB653A",500.0,"726"
"28BACDDC3A394582B7E1AAFC0F5C98A0",280.0,"994"
"28C1677045914C52ACDD401FF7F2EB48",1040.0,"443"
"28CB91B0FE8C41E0AFE6714DA2CA93B9",1700.0,"855"
"290BCAE24C9343458B1C252AE62829AC",260.0,"334"
"290EB052C9CA4611995E3907634C6F19",1200.0,"739"
"29685D99414144F6B2071A46CA494534",900.0,"824"
"296C47D033D34191A844F31C11A0D214",1400.0,"657"
"298D87300FD64EA887C1C54DD8F90234",700.0,"871"
"29D9A1867A38407D84BDA2534FFA9330",1260.0,"196"
"2A035920064344709CCD5860031B601D",600.0,"912"
"2A109241C30D4C9E81404180AF699FC3",280.0,"863"
"2A972D03886F4DE4802445C15DB8DE9C",300.0,"203"
"2AB3837E5BCC4ED4BB6C3A5116E26A8A",400.0,"685"
"2AB66D0C176045BFB296A4C831127C7B",300.0,"946"
"2B0D9DDA99A6487DA19805002F8C8BCB",1000.0,"827"
"2B54C8911F6B4381BAC65FE4B359F94E",260.0,"920"
"2BDC39221A1F47738B01235135C352C9",520.0,"195"
"2BEC45777AA44A238D747E70FEAEFEE6",600.0,"858"
"2C578ABA8BA84300899B2B1B389EA176",650.0,"730"
"2D2C84DF41C3492FA07E91DEDC18E6A6",900.0,"229"
"2EBCEB2A4A3342198A05CCD3BF0FB08A",560.0,"714"
"2F30F0DF3A124404BF3B5669B99FCCD8",260.0,"23"
"2F32DB6B6343406781B2F95CC72429E8",1360.0,"591"
"2F44FD31B55743EFAFC2FE4E61AB22F9",600.0,"232"
"3044DBAF97794AD588DDF724C7B03540",340.0,"243"
"30BF243E56264DB4B66D46DB4B3CE3A4",780.0,"956"
"30E6655A9C85405EBB0359327E6831B1",280.0,"662"
"31066D728B4445C1BDB5903C098C1B3B",650.0,"242"
"314F446292734049ACB3211B63433E85",900.0,"906"
"31D6EC3714BC417289044A68018090B1",1050.0,"944"
"3215A90FE78942018E9AE6ED7C4B2AD3",1600.0,"890"
"321EB7344FB04EDCB116B8C7E0CB3566",1050.0,"522"
"322AE2BD2019484EB246341ADCE6D346",1400.0,"175"
"32579F47DB2A4F9E9B7C4A8B9CE1D26E",520.0,"742"
"32F350C36FAF4AD49F983A9B198DD327",420.0,"659"
"334C12B2592B49FCB882B26F6ADE498A",600.0,"845"
"336BE033064940D1BBA49B1C54A76AF1",1040.0,"508"
"336FCD3F69EE4CED8DDC356956F723FA",600.0,"673"
"33D01BE073F54CF7B232691D81289377",750.0,"287"
"340303514625422781856EEE435CD15C",140.0,"448"
"3410CF74CAB2417EAE7F1D9F11D0383E",300.0,"43"
"341FFD55DFEA4CD0A105F0846345B27E",1500.0,"557"
"34584C51FBF0487B81E62DAF9726D3A1",1300.0,"277"
"34EB525B5EDD4EF89364138C3531F17C",1170.0,"698"
"35402429A14147528BFCA6E3117E5BBB",510.0,"580"
"3576D847C3F84776AF4248D07B7BF84D",510.0,"584"
"358A4E686CAE4B119BE65621DF8D60CA",980.0,"670"
"358B13C819774D7185CF6B4B8C93EA17",1200.0,"222"
"35A6B6AB15D5485E97596992A2DD909D",1120.0,"34"
"35DA6EBD9F3F4450B0E9076C28A3A993",170.0,"676"
"3643DE4A03514DA9BAED22CB85C83717",750.0,"690"
"365DA57109604AA8BB8F28A4F380E8CA",980.0,"631"
"367B1658E2664D6C8532576BB47A9EEB",340.0,"830"
"36C8EAC261D74E60B344C7A656A2C5C2",1400.0,"705"
"37167F28727649EABBB53B62B4D9CB2C",800.0,"100"
"371D44454F804191A653B5E7C5B46E0A",780.0,"699"
"37FF3934DA364EF1A56ACA3D2E1B7807",280.0,"745"
"38A10D3863D04795AB505BF40D92C07E",1500.0,"83"
"3912AB421D2B4008BED61E88B0735F5F",280.0,"511"
"39BD5C2FCE95487DAE5D4EE09D415D5F",420.0,"688"
"3A4C345E3FEA42F58B9496C544FCC620",260.0,"612"
"3A50B261830F4F5FA8524226A7CC6C05",600.0,"400"
"3A7EE411D2E347EEB8DB68DCCCE64836",1120.0,"866"
"3AB53EE9F5594629B0928E89DA55F7F9",300.0,"909"
"3AD49BA040B348F2ADB7807619425ED2",260.0,"948"
"3B1D739BE6D24215B4F589439654B793",520.0,"488"
"3B2114E122DA40928571C49109A01A4F",300.0,"914"
"3B292B7906424A278CDAB7C1E0B5B7BE",1260.0,"276"
"3C421EBB5C7E4565B9264CFECCE761FB",900.0,"788"
"3D8B9ED5B7B34758B9221D3DE9C6716C",300.0,"832"
"3D8CA638B8904ED3B71ACC69D79828DD",1200.0,"550"
"3DA2706D24494EC49B027E4B3A2BF23C",650.0,"637"
"3DED045613F44B688BCD5360EA943F3A",340.0,"731"
"3E0DD472D652455484A5A19ED819C2A4",1170.0,"294"
"3E11F4B96B534042ADEFE14E416D8D95",510.0,"734"
"3E38A1D9B431432390273CCAC6A64E43",910.0,"820"
"3E95D2B1B9044718BC7C5C4942818AD1",1400.0,"766"
"3EC6E22A7D77432C97A3833ED3F74B82",800.0,"505"
"3EEAD24F039543F482858C767821C87D",1000.0,"454"
"3F582EFBFC704C9DA4A64F4E4E949EB6",400.0,"784"
"3FAB0C5FD66749BABD8E355EE1EEFE2A",390.0,"442"
"3FACD0ABD0DD46DC866A147DA7F21381",1000.0,"363"
"3FDA1F0E0B28441D96CA6CBB18A372D5",1300.0,"711"
"3FEAC4FCBBC14F6DA418F92BE079F513",560.0,"674"
"3FEC5B5285654F75B3573028F33D6EEB",800.0,"461"
"40061426FCFF422F97D6A41375117CD2",700.0,"807"
"4057378E48174753A88C70F3E2F0C597",850.0,"677"
"4085B76540844468AE9E1764BB43472E",600.0,"156"
"41351E6A97124CCAAF02E5EA2234CA00",510.0,"239"
"414C6C21B8F843AAA45DE444DA420B50",390.0,"13"
"41CD63A09D0641ADB3EF41D811E4B71F",1000.0,"485"
"41E6C44BFF0D47C2AAD5D5835B367288",500.0,"249"
"41F227A5F1C64D4BB1880F237C90A823",700.0,"158"
"42501F3BBDA94E4B85C14FB52BDC975A",1170.0,"92"
"4256CA55486C4526B0BF5D77BCAB77BA",1120.0,"678"
"42EF68615D224912B4D80287BB7E71F2",520.0,"91"
"42F0C8B61089468DBA17EFFD4B6F9A2F",100.0,"414"
"43958204C89D4EC2BF2C5902B0A13F29",1040.0,"775"
"43A9A2B7791B4F44B44A63D26A447EA4",600.0,"957"
"44325963AA4640DBB9206B99FAA43823",510.0,"756"
"4443AE24E97448888D308EFC50601AB1",300.0,"144"
"4529D79AF0F04A2585DFC0DDAC6311D7",1020.0,"859"
"455C9557A4C14900AB6620301C16452F",850.0,"567"
"4566084E80144B9B9AD4B7B9C0676F10",850.0,"856"
"4587A2FC71F04609ADAC7434FCE40AEA",1120.0,"985"
"45BCB68FBD5648588947280817C1E499",300.0,"36"
"45D37A70862E4EDDBC52968D4DFB07AB",700.0,"469"
"4653260F8D67468CA91972ACDAA67B3A",900.0,"374"
"46775868AF204301916EDF3FCF5C6E72",1190.0,"174"
"46785B655CBE4F05A707A7B8DB639C56",1360.0,"713"
"46A6D42BEF7D473DBD7E829A0B3569FC",200.0,"716"
"46AAC111EB884D649F8FA3EC57067A0E",780.0,"72"
"46B33B75F512417B951A0B31FDBA2568",560.0,"628"
"46B44774F20D46BBA59033C5F2E061AD",1800.0,"835"
"46D6A7855145448D99161751ED9CB3DE",900.0,"394"
"4718D8224614488585B9EBEF31776812",700.0,"611"
"474C1AF95E8F44A3AAD2C302A384AEE0",680.0,"695"
"47693CE5F57143BD9BBD76B35E20CBDB",560.0,"938"
"4820BE56A7454BBCB682F15B337F04C1",500.0,"288"
"483BBACA6415456AB0A51FF18A121A8B",1020.0,"747"
"485A0D724EC4480999EFE37193297250",900.0,"62"
"48A07BD8E5254A35BC0DFF051C214AF7",1400.0,"69"
"48C0A11DCEEB4951A14F949F9CFB894E",1800.0,"847"
"492560183E9A4FE68DAA7100A1E72F53",1120.0,"777"
"4932654D0C654CE3A83BC09CBACEE882",900.0,"428"
"49807F31EE6B46C6B48D3A12366692F6",340.0,"727"
"49FA702FD1E14ECD9B70D0B29C17B8E8",400.0,"586"
"4A9F381AB7C541A5A6880B7403BDA73D",200.0,"117"
"4AE325263D79406EA9F8C11BF4171F93",130.0,"770"
"4B484B4CD1D04BB79AF4E773E2AAA830",1400.0,"692"
"4B4B0252945344A18BF2CDF6CC581C3C",1020.0,"977"
"4BE33D9C783B49D59B08739A637E9D86",1020.0,"829"
"4C02D68988D74604BD6B9365E539E34F",560.0,"795"
"4C28D6085896406081EAE9E60A2C2BCF",1190.0,"589"
"4C4B3352788846BCA840005612DA1AD5",700.0,"385"
"4C8D4D45DC614322915F03C669CFA556",200.0,"183"
"4C95C01CF24849CEA0D5B34865E7086D",1400.0,"217"
"4CA9DCCA89C24BC69A025D960F77D5D7",140.0,"282"
"4CAB575AA54547CD9878C47B22AE5D62",1400.0,"152"
"4CDF9EB62AFE415686014B467C81582D",1400.0,"542"
"4CE1BC3AFCE7475AB6A71675A71D7149",1000.0,"435"
"4D75CB8FA2F8452B820C535BAF7785A6",1260.0,"864"
"4D8890EBAEF74602A3A9B7F9F7130E66",1300.0,"63"
"4DC5BBD371F64BCC8A44E9EF6984EE5B",750.0,"648"
"4DF111A78F674BE8A1104694E26E5831",1400.0,"138"
"4E524E58919E4930A3E09BA8894AE08B",1050.0,"816"
"4E614E057BE54C9F9C50A886ACF1F1E4",1600.0,"480"
"4EA0DD46EEDB45FEA467E3517E840A05",520.0,"235"
"4F071E0F2A2141EAA6B04F9206A93C94",1020.0,"253"
"4FCF861705104377B1CEC89C441C2519",900.0,"647"
"50121B40CE664590B36C156716174B1C",650.0,"602"
"50A320D60B8A4BBBABC9140FD77255A3",980.0,"40"
"50B420559B98419A81DE76BEACA67FD4",150.0,"258"
"50D70E3A5AF741AB8BF9C786AAC2EB21",1700.0,"471"
"513571DB116E45F9A7BE39FF8755A3FC",1000.0,"834"
"517D323D9F1E466BB56BE5ADB3E27813",1500.0,"58"
"51C9DC9F189048D99658865DDB45033F",1300.0,"895"
"51F54F11735441969C48C7E58B585B98",1170.0,"261"
"5200D72D420E480DB3A9FFC9523453E7",1040.0,"943"
"52884573CF294C4CB55338FC218DEC13",900.0,"375"
"52B53C2AA3D547D5B0ECDEB2151AD5D2",260.0,"472"
"52CC918E639C4DE59F7EE4F62BB30B62",1400.0,"65"
"52DB3A6524D94FFD897C3FC5022BF68C",400.0,"199"
"52E3EE0AFA814927BD7452A54D41A20E",390.0,"197"
"530257394713414BB60E1F3C8B68E4A3",1600.0,"789"
"5371AC140AEB401497F654316AF1E1C2",1050.0,"683"
"539FD395CFB540A0A82120DD87EE7AB1",1800.0,"862"
"542F0F104E334DB586139D87D3AB3A23",1200.0,"535"
"54303A1139714DE39E7034BA7AFD80E6",980.0,"56"
"549626B912A84B86AA11F91FBF2FA5F4",1020.0,"551"
"5508585C823241E7A539BBC124AC673F",1600.0,"384"
"5510657F3DAF4FEC9BCB20A0D5CD1E68",1530.0,"672"
"55251A6258014F4DA07C937106BD5BD4",140.0,"569"
"5560B0ACFF7C4DEEB5991944BEF8E493",800.0,"499"
"56A094915BE141B9B23678C664CE7ABE",800.0,"796"
"56AA550968214098AED875857E448251",390.0,"286"
"56CD1B37C7A543FA82D0DF00054C6026",450.0,"350"
"56DF480FDB2048FA98A1EB2927EB3D87",150.0,"984"
"5700D9D6B9C64BF0B361A5E49420DE5F",1400.0,"782"
"57096B0A5B3441B081DB5DD263E52106",1000.0,"633"
"57236F4C0C99491AB599B424D2C2A77B",1300.0,"501"
"5889BDBEAB14483B9DB625B60F8AB73E",400.0,"852"
"58CDE65587954125B024E95471B055B0",100.0,"204"
"58FF4A14860C4C1D99822CAE3E4ECA04",600.0,"529"
"591C05D40E8446BCA19829873AF3D626",900.0,"54"
"59EA9764629549FDB58A7DBD32F5DF8B",800.0,"308"
"5A3BAD141DF647CB95655CB745367194",170.0,"379"
"5AE4464EA5DA4048951406BF2F6786C3",300.0,"57"
"5B0EF6AF93CC4E8A8C5DC563C8D1402D",600.0,"86"
"5B12A92A8B55473E828219D42253A165",700.0,"41"
"5B9C2DB722C547599806CDAF7D291B5E",1530.0,"587"
"5BA56A88FA1C4391AA11CEF1AE005635",280.0,"300"
"5BB4A6CCB04B449E9C7A741FAE42F74F",1260.0,"408"
"5C307D9F0BA743B781A47E7520B19D47",1530.0,"146"
"5C8466ADDC6E48518C273BB58A9A9F0D",980.0,"226"
"5C86170DD3EB4C719782B4D712DEA199",1190.0,"867"
"5D3F9D096FA349B49E120F44CECAD124",280.0,"910"
"5E30FFE23563484ABDAF26ED8498A292",400.0,"512"
"5E6A20D1A43742D19E5EC2C9735F3E8E",1200.0,"333"
"5E8C69CF3D2C4850A790AF61CA52B958",1500.0,"132"
"5E9CF0C5B5294578853EEEE8894B3904",200.0,"679"
"5EBB7ED4441B4246BFA7FB53FD75233A",1200.0,"486"
"5EBFDAC874A44446A5A40FBEBBD7AC7F",260.0,"188"
"5EC64F7BE0D54605AF0D3FDD33E402A5",1700.0,"889"
"5EC866067A624F20BD376E2628D5551D",1530.0,"568"
"5F0B35356F2A4C4693190489C7CCCEB5",600.0,"24"
"5F130828B47C414BA4F8ABA34188D565",340.0,"77"
"5F17D1FA5706423DA4FC1D70B90E5E00",450.0,"265"
"5F22DCCF358244F5AE450ECAF303B791",1600.0,"194"
"5F48DF881B4C42B296DE46E070F8B99C",280.0,"464"
"5F77B0D78BA54DE6B006D6E0C11C03FE",260.0,"403"
"5FB9B7A00124422CA75571CB699CFE1B",1000.0,"894"
"5FBDEF86BEEA4DEBA668395AA716EFC5",1040.0,"483"
"6003D469E446447FB4ECE2FB4B819874",1200.0,"352"
"60F1412E03FA4741AF978FE97EB15B74",600.0,"182"
"6107487B32634C3A86873AF5FF6DCC39",260.0,"958"
"61096E11760A40D981843DA2BB86E27F",600.0,"14"
"613D75F6AC964E35BE21434E8A441B51",280.0,"440"
"6141421250BD4F04973E75B5D2A86FF4",800.0,"666"
"614D4E47890D44729422A557294AA47E",1260.0,"800"
"6173131B643A4B8BB70FFCF4EC86FFCA",200.0,"622"
"6188C4393E07400CBA6A813D438A1E86",300.0,"68"
"61BA6CA5315D4143A9F832171E4E3BED",300.0,"913"
"6224D4AC6E634D45823AA3776C4E4F8C",600.0,"701"
"625C9D80EEDB4E74B51BEE57626FADE5",700.0,"218"
"6270E515679746C29AF82AB2D5877517",100.0,"411"
"629B8BCAEA8F437D9B04AA5F6F5F014E",140.0,"641"
"63FBAD5B054941EE9A1621653BBB4237",400.0,"315"
"6445D459E48A407D8504CBE79EA3253F",650.0,"422"
"647E3B0FACF340DF8012F7D63DD9912B",520.0,"976"
"648A8B4F155046AC9F7BF5BDCFE1708A",700.0,"7"
"64F6587481C3432F8439E4DA24A98693",150.0,"165"
"6577CACDCE9B41BA93AE9F8594A0D0D4",900.0,"781"
"65D567E408A642858D40798017DD3FE3",420.0,"481"
"6600AB7EBFDD4BDD95A6EEFD7D32A0E1",1020.0,"124"
"6603DE2483C44BD8B1221D807ED09FE6",150.0,"614"
"661E0B2E908C4589B8D5682823762582",1200.0,"4"
"664A6A4D0AD04CDBAB471C9BBD044DB2",150.0,"755"
"667D76C60F8B4F149BCBC9D58181A003",450.0,"32"
"668BF9E4E29145519E7FE42F70D3755E",150.0,"151"
"66ED9FD4B3964BCDA7BC1024F6F2035F",420.0,"556"
"670692A0252D4DAB8651B223517DE9A9",2000.0,"868"
"671941FEA3E8476B910C9025D7C014D3",260.0,"150"
"673C718C5ECE451E95D4BB203B86D8BB",100.0,"882"
"674CBECB369F4C04937F199328DFDF8E",1000.0,"853"
"67864DAEBE8E49D498A56AF836202EEB",1120.0,"337"
"67979EA9CBE54BF7A5B3C88322339BD2",1350.0,"594"
"67C060FF9172401BB7FAC71D825852FA",600.0,"656"
"67CCFFB1F6294436A6279ACF653661AD",260.0,"111"
"68160D9FD7284026A5D0A3C5F4B1FFA9",400.0,"180"
"6840E8A44FEF4DC6B7A3CE34389C3864",680.0,"968"
"685BF5ED0BFD46128129D5695AE73524",1350.0,"292"
"686C1314BC504128BC7896E6597452E7",900.0,"207"
"69B94C3A82A24C909BC85D7198617E7F",1020.0,"927"
"69BB24D4145A46848DAD21AE3F4FFEAB",650.0,"880"
"69EF969218CB48F2A2412DBDE8C9BF83",900.0,"136"
"69FC6E53E1314B6CB855A062FB33920E",650.0,"955"
"69FE0E5EA27F498982E4A8223894C189",150.0,"391"
"6A26E2F6EF124483B8AB483D84408B88",560.0,"162"
"6A7E0D5DFA2A475FA25999D80FD522ED",400.0,"915"
"6A7E5370290E4DC7B5D461BEFB4DAE50",1530.0,"169"
"6AD7A08020744045AFC76160CC65007C",600.0,"564"
"6AE17071FC074CC7B6B608D07E976540",1000.0,"322"
"6AE5E0C74BDC45558AE37AC712EAD1D2",100.0,"799"
"6B8AFECE09E14FAFA3360E667C19BF72",200.0,"507"
"6C7FF846F4FE41D8A5A879FBC6BE9B0C",980.0,"198"
"6C8D1A56737E40D68786D3902BB85807",140.0,"457"
"6D11E2DAE1BA451A8854564204A909BA",400.0,"133"
"6DBF4B6342A3473884002F6FCD2374E0",700.0,"750"
"6DED166ED3E148159A706F3DBC65585B",650.0,"991"
"6E29D713C30F4394BCF13FF81C7274DB",800.0,"661"
"6E34504ECEC5482F96C81405DDD1845A",780.0,"757"
"6E8A571DCE884A3D9355E1F1A499DCC3",600.0,"381"
"6E8E3E05E9D94091BC939784A40B1016",1200.0,"740"
"6EB5AEB95F2E495CB2FE5371B3B61AE0",1200.0,"161"
"6EE8690AFA8041B384D5F8156F10504C",780.0,"8"
"6F0D4646B52B4ADDA976A6294AB5417A",420.0,"986"
"70420ADAE8854CDEB61548D3B5FA429B",1000.0,"427"
"7080726E8D5C49068D38099868C3A870",1360.0,"120"
"7178822DEC014C7390780AE23C77C438",340.0,"694"
"7186FE365AAC4B819782CC478115AFDB",1120.0,"532"
"71BF67E1F5744A8283C1E0CCF6DF31E6",340.0,"539"
"71D78344C80245F2B3C352570EAFC55A",1360.0,"639"
"723EF4E7E8B845BF875D1C56EBACA1D8",1300.0,"398"
"725275A1CCEC48C7AA5AFCF6FCDBAB4D",900.0,"681"
"72538513C58846BEB4D621E83D82CA45",1170.0,"892"
"729CC38E2E56466099589F45754F97CE",1260.0,"998"
"729FE167FB174675A4F47343777CD507",1400.0,"166"
"72D624CD45F8491280373772B8E97F6B",750.0,"373"
"72F8585F08C645AB864BD3746461C244",280.0,"950"
"7333D9F3F05547F9B51C28DDF83DAAEF",850.0,"621"
"73428C360D2A4DE78E096BA4CC2C3705",680.0,"762"
"73848C52A4EA4C028CE55A490BAA372F",200.0,"595"
"73D7CEC9F6B5452B8FB0C1A0FF5FA57C",1000.0,"758"
"73E36F5940BE4043B1919537DC4F29A0",500.0,"537"
"73E7B3EA71934F26808875FB437FA335",850.0,"168"
"747128D7AA0A4A4494D0DDE6990FD677",1400.0,"170"
"7487C3E7B2F7433F977F8779F15C68AE",1600.0,"409"
"74C58B78C4F64B829E9D920C2A5DB72C",450.0,"376"
"74FF193044084FCC85FFA7702C6319B2",1700.0,"416"
"75247383715D4ED2A0D2EFABA1C23ADA",700.0,"620"
"75A43AED51D54B8A808BD93F71011390",1120.0,"362"
"75A63F3CAB2345BCB56AFED398D86B71",650.0,"172"
"75BA4E0785304473B868F4B99C8BDC2B",1260.0,"126"
"75ED0F5B64D649089D84A8F8F4D0E802",170.0,"904"
"766BF473DB674D3484B4A39432EF7462",1200.0,"823"
"769E6851335147C0B5C0FC4B336C4A14",1600.0,"749"
"76D693A9FB054D9789CD9542E098295C",1000.0,"942"
"76F25ADF292C4B85866B5B86F3130DBB",170.0,"879"
"7715D4ACABE148A882C3BA99B35F66BB",850.0,"911"
"771A94C1631843DEABD31EEC9DE38082",1020.0,"421"
"7735D98CE75B40A1894978A68E73F2CA",1530.0,"971"
"7796560010F04AF6BE5AE2B9AB2354C5",1040.0,"19"
"77E57B838E3945E481A60224D0BF6C85",800.0,"397"
"7824E0E6BCC94FA28EEAD783ACC5B4F4",600.0,"405"
"782E5BE334984D3180749AB59006086B",650.0,"237"
"782ED93B4BCF4240A0D60D0A4BD2DFEE",260.0,"420"
"78411D4C4F774334A62BF7799C212B31",1700.0,"452"
"787098412BE948A1B4D80A8A606E1A52",1040.0,"274"
"787634AA9C004AA890A6D752C0AB11CE",500.0,"112"
"788FFAF3CE824255836C3346FAAD84E7",1300.0,"371"
"795FC0E303B24D6CAA067FAF2E24890F",910.0,"885"
"79B9E5BA58BA4041AFFCC7AD60445F85",1600.0,"732"
"7A2597DF6A834920872E59B1149CF156",170.0,"252"
"7A4C2207C54345BF96B1AA46E6E5C263",910.0,"291"
"7A567D29403C4956AE5EE07E7DAC4BE1",900.0,"870"
"7A639E7230084E1EABE9F6B3AD691418",300.0,"244"
"7AAACC02787A4FB3839423DF5125910F",900.0,"494"
"7B11362120994B52989F1850D025963D",500.0,"79"
"7B4E185F469D459A86B51F9C0ED03AF5",450.0,"231"
"7B9094BB2E6C4093B24D04CBF6D4F7FB",1700.0,"640"
"7C0765DF590149918274D327D0125BDF",780.0,"886"
"7C9B7E6BF9A44D91B27CA670452B17B5",500.0,"451"
"7CD08FDCF155462ABC7FC31F781B6BD1",300.0,"849"
"7CF4F1361FF54B9B8A25443DB51FCDA4",1020.0,"94"
"7D3EB5CC6ECC4DA2BB6E82031804B46C",560.0,"805"
"7DAF233C69244188A084121E2E85421B",600.0,"764"
"7DFDFDA8E7C145379405C5750CE6AB73",450.0,"85"
"7E223386FCFC49C88A1CDCA6A3368663",2000.0,"189"
"7E336FE138424924A4B31D67B22139ED",280.0,"773"
"7E8EFEF3B9A14C41880701A8C851B0C2",1000.0,"318"
"7EAD486F528241C3B44FBDB6CF80FA12",280.0,"923"
"7EC8D5A9FDC54CCCAA2B06D2D74D976E",1260.0,"952"
"7F2DA9F4FED04A25B4D12A8DF7A2C628",520.0,"181"
"7FE6AD3BEBD64E21AF6102BB2798BAE4",2000.0,"841"
"7FEAB9E72C22451291EA007AB82FAA62",800.0,"702"
"801FBA2315B3478EA24E7AB77AAC0F78",520.0,"658"
"8086AA93E3414ACF9B5F4EC975F6AFA8",1020.0,"590"
"80A893BA968E47FBBF4AEB5EA3AAF4FE",780.0,"819"
"80D03A82C1B34D47ABA6ECFAA58D731E",1500.0,"128"
"80D3774028AF46F4BE06A87D2D45B187",980.0,"767"
"80EB6B36D2B54A03BDBDD3C9FF9E3C15",1200.0,"463"
"80FD8255C4274E98BD4722E1489DD283",140.0,"377"
"81669DF68CB34B8EB49467AC27A91843",340.0,"30"
"81A2588415B14A0E9BDB165C3D07E462",1200.0,"230"
"81BDAB431B644286973D9D9E1AF81D99",600.0,"31"
"81F7A20F3F474BFF9BCFE39CA0CA3D9D",450.0,"646"
"820F95A68E2745978328C1A478DC5766",800.0,"741"
"825F935238164717814353304B88CB5C",390.0,"71"
"82AF8FCA180546FEA5C296652AD3F717",1700.0,"52"
"82B606CCDB8241C1AA21AC9A3BD4E4BD",600.0,"410"
"830A2D29F6134C4CB20E0781D3709917",130.0,"64"
"83333BA8B15B49A69A9281F0C94CD4CD",280.0,"489"
"83427FFCD042491D97F7E19C79BC2088",300.0,"514"
"83D2DAE2093B443BA47040CD179FC795",300.0,"738"
"844DF0E3038044E3A326FDA6F264E400",300.0,"972"
"8465FC0926184EE6B9C14D839030F3B5",600.0,"917"
"847EF06326D44A63906C8B55F311CA57",130.0,"515"
"849D32E1F56849C4A591163A7CBFD4A0",1190.0,"900"
"84F6FB471425422B926C11AFE2404139",1500.0,"148"
"857D1771758D4383A2A48D1193195C71",1120.0,"610"
"85BCB4FF26FD43FD8AFB27BCB3C13E80",1000.0,"737"
"85DD51B24F404C8A94086BC1C077DCEB",450.0,"697"
"85F57D0E481E4E9A8CE96A49C0063FFB",1360.0,"103"
"86B3908DD6064887B2FC453CFF1B3E2A",450.0,"211"
"870C661F93FC4C43930880AEF6956FB5",150.0,"808"
"874116E9321842B293BD9E1122A0BCB5",750.0,"311"
"875C4A9FBF0A4560BFB9BAA7BE17259E",1800.0,"359"
"8792191EEFE845568E6EE7B7321954D1",1260.0,"17"
"885FDDBB9CCE4778A2820FD80BBA0DF5",1260.0,"293"
"887AC77EF8134CF291008C5151AF38F2",700.0,"129"
"889E799AC05642FAB02BE73E8E055583",600.0,"785"
"88B8A9494D1A497B92392BA701937C90",1400.0,"299"
"88D7A271CCA045318E9F7D8FFE4B9846",400.0,"967"
"88EF29F72522497FAD87834045FB040F",2000.0,"607"
"891CF08C58B941C69C691067182A4524",1040.0,"450"
"895A9D69CCAC4B40B1FEF8C74A1E8FD4",840.0,"27"
"896D73196CAE4F2484EA8FDE65AB8098",780.0,"15"
"89C8487E482F41BEB4584A7DE0E214B1",1530.0,"839"
"89D4B60267554CA7A8FDBFBBCB8211CB",600.0,"98"
"89F5C407C9604FF88BD643468FE1B5DD",130.0,"878"
"8A172F4E447044F8B5E230C93F6A289B",1170.0,"554"
"8AC6FAE713594C889C5481C1AF4897B0",780.0,"826"
"8B0408E4F4F24B6CBD372FDE38A4DC9F",1260.0,"431"
"8B27C2CFE3D845EB850EC7EF3062ED76",850.0,"872"
"8B68379971604210A4A7E781007D9881",1050.0,"10"
"8BBEFE14FE1440CDBDADCD456EBE32CA",980.0,"208"
"8BE2C91F5A434CF18ED9DC4B19A90410",1600.0,"498"
"8D5A68C1476646239FF66775D2088A17",1020.0,"202"
"8D5DED4306F74A3EBF9CA9B3BEFF5488",700.0,"251"
"8D7AFF74A262492DA72BD43CCD583599",680.0,"541"
"8DD14ADBFA2D4F158B00F2E5BCA580D7",800.0,"939"
"8ED30D198A33496F9F8E510742DB5051",150.0,"378"
"8EDA98D6E6C148AFAE7CA14D114B0545",2000.0,"753"
"8F2DF82F8DC647339090AEBA0D085E9A",520.0,"774"
"8F2EE42DA5284E788BD37EFE71C0A008",780.0,"733"
"8FB7BA6BD2A74B64922E95EA46636003",2000.0,"273"
"9030ED5F836B49949B234FCF590DAC9B",650.0,"973"
"9089BFD712F044229E14A50802294311",170.0,"25"
"90B5996DEB7E4BFEAC0D13236945C925",300.0,"123"
"917700FDBF744D41812B753D2B615F33",1000.0,"635"
"9177E5C6035B41B89E29F7ED0B39139A",1700.0,"809"
"919D42ABC150481CBCFB49FE99E2E041",840.0,"360"
"91A17B86E0E6435F800469AD424DE7DB",650.0,"341"
"91BF268FD3A44CAEADABF130F33BA115",1190.0,"897"
"923EB4E652BD412D91D14BAE1F52A088",800.0,"82"
"927994D29EC64270BB59072F65E0B4BD",400.0,"919"
"92E048CF12344DACA959ED55965FFC8B",1530.0,"536"
"93107A69E40F4864B1C3FBCA395EA2F6",900.0,"145"
"934792869C504365BC455E3B3B31071E",1300.0,"729"
"93F012A5B78E44C9A9B1DBCAA87612CF",100.0,"743"
"93F2B0FE1AB0400D97A0B8EFD5FC42E8",1000.0,"190"
"94061211A5D545ED867D016CE7E2BE04",840.0,"336"
"941D35848DAC4C099E1035AAB67D963A",260.0,"139"
"944C49D609AE469F95EAE23B29154288",840.0,"268"
"945971E4C44E4357A1699D58C1CA8FA7",1200.0,"438"
"94EB119FDC204A94B3A90BD52B06DC36",170.0,"105"
"95111AE7741746FB90234C7CB1605E61",170.0,"724"
"953B6F744543486F88012343DD9AA4D8",600.0,"302"
"95EB9732A2D24846BC6B2265D5B96925",280.0,"320"
"95F87325BF9F4DE38B40C1D656B99A99",700.0,"399"
"96C6D8DD15A243AA8E4292B14B0CD2A2",390.0,"473"
"96CCE18078D74CA68AB42D04577EF56E",700.0,"61"
"975D03601842459BBCE99A05380A5828",700.0,"530"
"97C31453B4DB450CA0BE904B15085239",750.0,"125"
"97D3A1F793BB408787A7BFF3B974BFB7",200.0,"996"
"97DD2407938F4E0E93CFBE7189CC4DE1",680.0,"623"
"980AD3F496C74036830255F40ED22F47",390.0,"39"
"988CF4FA869F4E7BB8BEA2721AE670CC",1350.0,"147"
"98905E3C807044F496022BC372A05D21",200.0,"247"
"98B44057AF2B4D9B9596A0CE2A8B7609",140.0,"20"
"98F94829AE5B45BB90CCBC07A9862551",850.0,"861"
"9926F38F574B4E62A0F284C29C3EC580",510.0,"456"
"999CF05DCC6646F2AFA3760F3B51ED14",1600.0,"193"
"99BB18DD07FF4F668655759310AC70D1",800.0,"761"
"99D55B4ECEEB474F97B02778D416B8A7",1400.0,"33"
"9A0BAD5E66EA43E780441A491AF490E4",1000.0,"171"
"9A26856B744C4E63A1E13BB97A2A6C08",1170.0,"634"
"9A44832BC9A44112AD67D33EBE278A70",150.0,"801"
"9A6BE9B3ECF944DCB4C625F49D86F491",910.0,"544"
"9A9A84107F94485086FDD02FC15858BD",280.0,"121"
"9ABCF9958FBA47EFA82BFC97A02703B0",1200.0,"509"
"9B9F95BBE33A4343906841FE26526FE8",150.0,"96"
"9BAACDE80D9B4731BE372BB0C2D0A30C",600.0,"227"
"9BDADC21D3E9403F8E199D10801D9F0E",600.0,"644"
"9BE043286B0849FF99C1148E3BCC9555",170.0,"223"
"9BFFAD063EC34475BB759860E1F28F06",280.0,"999"
"9C192FAE04DA462D99E5E10C9CB81DAA",1400.0,"873"
"9C589EA8803B4B7FA42D60E7AD4B735F",1350.0,"563"
"9C58D042087C47448227F1BE3486ABC1",900.0,"843"
"9C94BA4E0CA442FA8874B9B2ACAB4254",280.0,"310"
"9CB65CCFFBF6424CBC79A884BC789D76",780.0,"345"
"9CBCD319A5FA466EAF7C597FD997D949",1000.0,"466"
"9D4926B8D5B242B09691D7DA0031B62A",300.0,"989"
"9D4E111EFEFF4BC59CDADB288FA628FE",1040.0,"572"
"9D5249DEBBBB47C480DFE205D42D868D",600.0,"314"
"9D94B9065C8F456B9BA0C06BD7429BAA",200.0,"478"
"9DC15376A54E410794772EB214B7CA21",1600.0,"649"
"9E0D8BD37CC243158413FC071DCA8D82",680.0,"37"
"A0015480F13B499580597004DAAFB44A",1800.0,"354"
"A01D135FC2E448049085A4C9BA95EC0E",200.0,"525"
"A0743FFD0F1F45788011172CAAEBC0E8",510.0,"368"
"A10DBAED2CAE4E80A69671D5583AC80E",1200.0,"296"
"A1292643B0FF4F0E82E077D1ABE8C1BA",390.0,"860"
"A199F10F7E41418A89C4E94FF739E9E8",450.0,"357"
"A1A122B688DE409C9EB49FB0EEAE0BF0",850.0,"759"
"A1A7621C204640A09C0496D11D1561B1",400.0,"415"
"A1DA089945BF4DD78707F2F6E1CA000B",1050.0,"312"
"A20E9DCB3DFD4D74AC5EC6CC65202B82",150.0,"983"
"A2B8FD73061B477FBEBECB0686E6C3A3",390.0,"382"
"A312FECCCC5C463290C4DF501962ABFF",2000.0,"960"
"A36BAE9C54744CB2A641BD402C81C3C4",450.0,"548"
"A38ACED9F6694DDD967D9FA74B131954",510.0,"802"
"A3ACE2DB116B4144B13BA9C163B7E644",1000.0,"655"
"A47459BB447947599107EE6D707108A7",1200.0,"114"
"A47FD23A9FA949FE9B6786ABDC7B58C3",450.0,"53"
"A4877D4ECED34A7FB0EAA48D5657C07B",1200.0,"932"
"A53618AB936347A9B32272F262505F71",560.0,"221"
"A573F20661B04495B1BE06B2EED96838",1050.0,"201"
"A5B7AA136AF44B27BA95ABE166D67ECC",1400.0,"857"
"A613C1199DAD43CBB129B15D22C3AE47",1000.0,"392"
"A643EB1F0DD5486DA019B52543B1597C",680.0,"104"
"A6548517C038419E9F0E20E8BE35B127",1800.0,"791"
"A6B395513DC846CF999332DD8C8C2F4E",400.0,"455"
"A709DCC6637A4917B40B1686557FF2A1",300.0,"213"
"A7AD2E77DA9D4358AF8C8D29731ED8EA",600.0,"349"
"A836F30953B74059A8251F90B11D4721",1260.0,"616"
"A888A9AABE0E4D4690606DBF66B27A58",1170.0,"160"
"A8A21C14CEFB477982B3F240C3D100AD",140.0,"215"
"A8A43BA4325745728C1AFDA3DA05B68D",560.0,"278"
"A8B6BA9B371C4ADEACCD51B5E5AEDD10",680.0,"516"
"A8E97C32A72640AB96428CBE1609C29F",520.0,"706"
"A8F68A541F9F46E39B8442D07695E0C1",420.0,"513"
"A911F2F874444F99B6CF4B4E69BF3860",400.0,"608"
"A96BCF7500F947C5A64501EE2E4C0C9A",390.0,"89"
"A96BE33E556E493A946092F1F18E2FED",780.0,"224"
"A99D3AE4F67F491DB7645351002BF4C4",850.0,"254"
"A9A122E66BDC470CBE12ECD9818E1144",1000.0,"115"
"A9A1EEECEB744506A49B1B14E9F31D7D",1500.0,"626"
"A9B3635A73A1415BAE58B431982D6C77",1350.0,"280"
"A9BD58195B4A4BE29047F3007D99D8FB",560.0,"502"
"AA0D92B53BCE423DA31175527E9F1861",1170.0,"945"
"AA10DCE5544740FE9C38C2E1F239644E",1500.0,"654"
"AA4E57E2C8304CC2B4A28B22254BA97D",1400.0,"810"
"AA52E779A0EA4187AA846DA51C4B4029",650.0,"154"
"AB48498632D249DE9282B97886D51E99",680.0,"599"
"AB5306FD00174BD1A929A0A374EC66AE",900.0,"380"
"AC003F760A39438596BCC01C5940287C",600.0,"11"
"AC4773746C5B4D8AA4BD58238FED222C",1020.0,"562"
"ACB117422253431BB2ED1F31B840E0D1",600.0,"101"
"ACC3F529407B471D883DF056F5F91773",1000.0,"776"
"AD3CC483DF5E46EB93824B5E939FEDBF",650.0,"131"
"AD616645E3904628A76BF1DC1936F172",600.0,"689"
"AD83954FA1FB4F709ABCEC4FD967EBC6",600.0,"518"
"ADA01D4B08CC4B7D93A22A69FCFC08A8",600.0,"546"
"ADD614B72D5A45148B5ED53527D2A164",800.0,"751"
"AEBC7FA9B07B4E779A7CA7561AE8B7EE",750.0,"560"
"AEBEA602E2FF442681DAE4909844E15A",600.0,"290"
"AEE6F119ABC448D0AF860EE09D380C1A",750.0,"439"
"AF09D04748714F95966C3931670270DF",1050.0,"524"
"AF0C292A155144C790BDB4D73EF45764",130.0,"327"
"AF75AB8C0D0B48389DC011920FB6F0E4",1700.0,"812"
"AFB0B1B440F242328A563DD3BEE79A9D",1530.0,"531"
"AFBDF208BEF24ACABBA2C1D471E730B8",910.0,"59"
"AFF423A673ED4589A27362BADF9F5D1A",840.0,"721"
"B02A9DDE1AD84C0CBFBB1F8B2BA31F7D",130.0,"78"
"B03C19F8A881479D94ABE1038395B8AE",1800.0,"898"
"B04B1E1CD12848BCAA2CAF42E9ADF0F5",1350.0,"601"
"B0837D2672E2423DA05DACEA3122FFC8",1360.0,"669"
"B0BDBE1FDEA340348DD70F5917A93316",200.0,"495"
"B16D06C128C4450CA3A39D2EF862E40E",560.0,"941"
"B196569757754A158BCEB5885F57D2C8",1190.0,"432"
"B1C91FB2125A479799760A8FF50BA49C",1800.0,"926"
"B1DEE800BE354EFBAD50B675B8160832",560.0,"693"
"B1DF80E8CCD44A9A8FE40C8B702FD504",130.0,"367"
"B1F3B400E3F548D18BBA3CAF1AF020D6",1190.0,"559"
"B21DD22E220247DF85D4515D9AA611F4",450.0,"965"
"B2483AA731CA4ABCB06029516F392629",1050.0,"842"
"B25824B860A4465D9965931C569B7F33",1700.0,"462"
"B2C2F9F8F13E44439BC2B7EC2050EC94",750.0,"792"
"B2D16F2E328D4831BD9BF400AC552410",1050.0,"504"
"B30E2F16A85D40218F2B4B51751F077C",840.0,"496"
"B3502FA7B84B4FF9B27F91EC9738CCB2",170.0,"597"
"B40D6A2C6D2A44B7BED38371737578AA",1700.0,"700"
"B4273BC000284AE989B49C42AAB97298",800.0,"538"
"B525EF79D3BF4BCFBF807B4BC2530151",520.0,"143"
"B5A46A25A43243669F9B5F107704A9CD",1050.0,"748"
"B5D6D6C6105045ED9FBE560C55848C17",1700.0,"604"
"B62CE209108642789DEA4D20991158B9",680.0,"883"
"B62EE11C13434B04A555C9FBFD85CC05",910.0,"298"
"B6602B98A6EE47758E885B2B46342B31",1020.0,"80"
"B6E7041F068E48FE986D3F3DE2FB835A",910.0,"323"
"B734C9E3148E4C1CAA7445E0131BE065",1000.0,"874"
"B77F5EA1855A40788916415EF09CC72C",750.0,"270"
"B7A35EB37F484F758DA6D471C0EFCCC5",280.0,"922"
"B7B407493EBD45CDABA2EBE00325823A",900.0,"933"
"B7B485978AEC403BB238BC9C1E715567",130.0,"153"
"B7D39F2DE7C84F8F8630EC359EFBDEAD",260.0,"346"
"B84D7BDBA1E946A69FC69F8142B0CF29",260.0,"962"
"B8538ED04B274989BDFEFDBFC570AFE9",780.0,"55"
"B880D2F203444095BDEB0DDC6B0B54E4",300.0,"691"
"B8A189ED69FE41889FD3F2F7049E78E4",510.0,"636"
"B8C9B15730E240E29788A35D77DB7C89",900.0,"74"
"B974E80826F14CDF8222979CE2DEBF82",780.0,"412"
"BA7A3FCD0B2C4C7097364C32D6A6EA50",450.0,"289"
"BAC8B797C7EC4971BD425E275903390C",400.0,"446"
"BB04CA94FC2F4F38B55F50012E4304A6",500.0,"992"
"BB6F599F4A8F4B1796020B5292406078",520.0,"393"
"BB9BFF195D8F4B098979AAD790E8D79B",700.0,"519"
"BBB5C19476CC4919903684D784F98275",510.0,"413"
"BBF65AE100C243749E100251737C7A38",1200.0,"667"
"BBF69031DC0543EB871E4CE80A062337",1190.0,"814"
"BDCA645867374E50A277151EF4499F6F",980.0,"220"
"BE54CBBF44894937B6FBD58F89AAABCD",1530.0,"632"
"BE907789793146C988F9B0C4B280CA20",280.0,"283"
"BED962D0DB3F4275A971DC9D449B2DD5",1190.0,"520"
"BF6C72324D25499586B354CA7FC7CE44",260.0,"907"
"BF85165E0B0D4040A56CB95AC761C354",300.0,"264"
"BF959D78632E47BD86EF75743C507EBE",1800.0,"338"
"BF9F9D1E383D40B3AB7BDE0FC88EAB08",1200.0,"206"
"BFD64D1850534BFC871B2E509581D063",900.0,"200"
"C045EA35E6FE475C9A5009D81F53298A",300.0,"324"
"C0F484578333473DB9855E1B5A17B717",750.0,"578"
"C13EFDEED01446B397035A8EA7DFC5E9",1000.0,"974"
"C191C24D9BFA43E6ADAA4DD8665135F5",600.0,"407"
"C1B1D7D252724D8FA44540FE9567F1E6",300.0,"3"
"C1BA1B0247C146F8B5A8F1882214E95B",1190.0,"21"
"C331440740F14F7383C3230BFF6AF58B",680.0,"344"
"C3BC7F47B3494531980FC515B9AA33CB",420.0,"119"
"C4392838DA1E404A99FD397AEDE3C1DD",800.0,"769"
"C4A05B63A9234AC3AA3D998CCBB4D8FB",510.0,"718"
"C4C39EDF39C8424D81E6EEF61899CBFF",1500.0,"447"
"C4D48FB1845D4EE0B6545F8D323EDDE9",260.0,"28"
"C5085ED16CB541CFA596840105C6D408",900.0,"570"
"C52F1E7599254BF49E3BADCC67532C62",700.0,"627"
"C574C5745AEC4848B2133898F4C927EE",420.0,"966"
"C5C8D51AB33A4F10B0CCFC04AF573047",840.0,"434"
"C68745545AE74DB1BCA9529633AA2058",520.0,"951"
"C68B7FCCA7034BD18B999703464FABE6",1360.0,"122"
"C6C658E0C7A44533BC3C12093AAEE105",1400.0,"719"
"C6D3164FB67A460786A9358ABAA3F9E3",260.0,"555"
"C700169C7118467182E6F43DF05AB797",800.0,"869"
"C7145AEEDE614A7D96FC29207EE80757",520.0,"66"
"C7272D201DFB4C2D97118827E364703F",510.0,"257"
"C76CEE6279974BE0AE8A93D710D71B22",980.0,"343"
"C79F72BE61E2491FA838B257E2670BF7",420.0,"178"
"C800C9821FE04DB48314397AD72F01CE",1000.0,"109"
"C81BFC97000C4ECDB9F238D61A960A97",600.0,"263"
"C84825019F1A4A0B97617E63EC85DE78",170.0,"988"
"C8AE6AA63FC8427CBA12D3AB9B584DE3",1200.0,"982"
"C920DA93B44C4B81AEEB8CABB2FC2A4B",560.0,"406"
"C9663E0C7B54409FAFC764762DAF8191",700.0,"969"
"C979EB7865604AC38A4226D2212CC19D",300.0,"790"
"C999C2A403C8462D896F36534EAC1E9C",1350.0,"527"
"C99A439371884A5685C32C7BCD5DDD0F",600.0,"686"
"C9AAD013A2884D89BD2FDEE7EAA31E37",500.0,"84"
"CA40561F1FCE472C913992C9C43359B5",510.0,"482"
"CA61D449AE3247DE896C4A4A7B6CA975",1360.0,"995"
"CA6FBD1F4F7B4DEA88F57566EDCF2DEC",1200.0,"725"
"CA73608BF4AC4225A1EE0DB6E1345D0D",500.0,"303"
"CA90C4A70788488AA49E97C1D18BC391",1170.0,"295"
"CB236E34136F40FC83DE53155F1CD9AA",1120.0,"707"
"CB7D72324B994E3E9E48B188B4829C73",1000.0,"81"
"CB9D0534415B44F29651CED0FE719B2B",1190.0,"624"
"CBC8D80477DE458A9481E1465BE148FD",280.0,"959"
"CC978A0E43DA4400BE4D4A8EAB7DA0D2",400.0,"225"
"CD00B96DEC7C43478ED22908A16D5335",520.0,"304"
"CDC5F3864E114267A17EF9255BD99C40",1170.0,"592"
"CE8C2CF30D474F159A1342017C8C1A43",1170.0,"275"
"CEB99F2428EB41EEB5F1B9734D4A33FA",1400.0,"605"
"CEE41F66B20644A9A0B58432CD282C09",400.0,"386"
"CF60DD3D542E4AE98C94E2F02FB2197F",200.0,"42"
"CF84DB3BC5BF46F3930BC4F1F4C5CBF9",700.0,"179"
"CF9DD7BBA699416FB33A7BEB401647A5",1400.0,"664"
"CFA1B0BB320940EEA24E636F4E489100",1500.0,"650"
"D01F3F17BE494AE9A59AB77B8E311086",1400.0,"736"
"D0724C2BD52742B2B6F6F900248EA2C3",130.0,"212"
"D0DBA75000464F4088C7FE84A7EA5C70",1300.0,"361"
"D196BB5BC8F644EB87DAD506BA8EA5F5",1530.0,"613"
"D19C13FADEF640D29E08DBD4DA81DFC1",1350.0,"355"
"D25BB49B1DCE4D429C9B99778C8B67FB",400.0,"877"
"D3BB3321DEC94A2FA362B17897842E44",200.0,"365"
"D3D52773A21E47459FD1148EE11F8AD5",1350.0,"521"
"D4080833A2A24D7FA81F2E6D18D4556B",780.0,"803"
"D418A09B64F34FF79EE80F92A799E0DC",450.0,"746"
"D44370398CCC48828A5F13DAAD2EF7E6",2000.0,"652"
"D4BC3AC73CCE4CE383E5050A615A32D2",840.0,"430"
"D4C9717FBA354F039ECABC77C432EE16",800.0,"582"
"D53505A1B2EA45EB9BD86F108AD37F92",450.0,"49"
"D588B23FE2154F11B5F9D67FBA745442",170.0,"433"
"D5F1727662024DEB8871D1F4EFB335CF",700.0,"305"
"D60D23A4430B4857A07D58647AC0376C",1170.0,"326"
"D663CC8D75104D4981A94E8410CE7C8C",560.0,"99"
"D70EF328645D4BBF9ADE425B4B5293F7",1000.0,"930"
"D72A5D1634F14F598AE144D6745D6EE1",400.0,"902"
"D78794C021DA42AFB84362055E01FC2C",400.0,"325"
"D7993BBC5DC04252B25A4FFE43616C37",510.0,"356"
"D7A019FD55C640D2839E16D938D10475",1530.0,"821"
"D7B2695FE6B44EEC8163A54F6E7DA78E",1260.0,"517"
"D7CAB38C0222423EAA4BC4D05041B390",840.0,"783"
"D7CD768CAADB4845BFADB6558C1CD2D4",200.0,"540"
"D82121625A9A466F9BF0CFDA1505AAB6",900.0,"306"
"D823D2D8A37C412AB45462C3FC75D0E9",300.0,"838"
"D889F12E34144A33A99BFB35B05E615C",650.0,"817"
"D89F3782AE2740B2AC23D34EC6BC3904",900.0,"266"
"D8B2D30E9D894845AB986919AC0DEA22",1170.0,"118"
"D8C0CA36CB09497AB5172377F08CE709",1400.0,"851"
"D903DA96AD8445ADB4F7AB6A8B9B5114",450.0,"468"
"D9462BA04C4743808CB0A228ACE2C3FB",1300.0,"46"
"D988F44754194703A0921485CC6E81C8",400.0,"905"
"D9B63D0BAB7340DABB912DD0ED2A7779",520.0,"272"
"DAB3E313893046B58BFED9F33540BA1B",280.0,"804"
"DAB9DE06493F492884905C733E3D35EF",500.0,"329"
"DB056FD83DEE44B4B149CD21587C56C5",750.0,"340"
"DB529A89BC6C424EBCC3CBE8014BAE49",800.0,"18"
"DB6F8A8ECD3345FF93EB23ED79EC0149",680.0,"38"
"DBAE0893F5BC478D9129C47779B6E576",680.0,"854"
"DCDDAB83651A401D92A349B760B48B87",700.0,"95"
"DCFF7F8D23204633B4F854ACDC11AF17",100.0,"348"
"DD51B0AD018D4A0C9E7C404868F8398C",1700.0,"493"
"DD7C7466EF8B4EE29BEEE2C81CA623D9",1700.0,"665"
"DDA45FC2E0BC46D794D8BD8205B29B17",1600.0,"167"
"DDABD1D56DAE4AC383DAB5DE635F758C",340.0,"470"
"DE1B4B936DC94AA58CA9C343D1CE302D",700.0,"134"
"DE5659C12E984F8A94F5517EA3F1B8F0",900.0,"921"
"DE704089B9DC425CABDACCBA6A4D2943",840.0,"811"
"DEAAC49062D14813AEF75479EAB02292",150.0,"545"
"DEC951A250074A94B9D6BD7AC50A2A3A",510.0,"533"
"DF9F07B7ED2F4B01983D6B1063563F21",400.0,"980"
"E0960B236F0E40489B8B58FEC9A73492",1170.0,"395"
"E1002FAC99CC41C79413427926EFBA02",400.0,"924"
"E1790AD5662E4C86B03E923BC1BDBB6A",900.0,"638"
"E19293ED99A840F18DF642B41BCA1DCF",150.0,"828"
"E1BF2A186F9149ACB7119068420FB8A8",140.0,"754"
"E1DE8A47F2454BDC8EE0D44753B3FDC8",1700.0,"625"
"E1E51B5B581D48E8AD183D84252EF6CF",650.0,"284"
"E268FFEC4CC04A3592B7A4BE828F5324",700.0,"476"
"E274A1BD549F44F2962A8096C1892106",130.0,"603"
"E291A2DBC54F47F79499D73072556ED9",1200.0,"73"
"E31293D14ABE4871966EA802F3BF5A50",1260.0,"240"
"E317A7A0AA734BA1BDB09E6A9D9D0AAF",1300.0,"269"
"E319DDD944A142969B37399385D9D55F",1500.0,"309"
"E3216DDB7EF646DCAF02E7E69541629D",280.0,"831"
"E34150C5B02B4D7A95000A680A836E19",1400.0,"460"
"E3BF95BAD8764DBEB3D931D37D760A05",510.0,"903"
"E3F7305914F545E18313DF58A07242A8",1350.0,"987"
"E4942F16EF5045AB8D2D346EAB1214CF",400.0,"423"
"E4D9DDF2D8654C6A96F16CB25196A49A",1600.0,"850"
"E508F1A15E3B42538BD7A53212C66E53",1400.0,"668"
"E5187BB43EBD4D4EAEADF0B22D0F42BA",130.0,"401"
"E52E71F075A4497BB309A96C713D32CE",1190.0,"771"
"E58770384BCE4D54BFE0DBA67CE3ED59",140.0,"255"
"E5B59A059D1740D5B5C9D901445745D5",700.0,"663"
"E6A92A512BDE407CA2B02E63660E242D",1120.0,"75"
"E6AB78A4B2694FAF9D50AC0C263405F4",1190.0,"297"
"E6D265D16FD84CC3BDF36290343CE839",840.0,"696"
"E6FE0C3060C24F3F92EC2C5B593B1BE9",1400.0,"12"
"E72CF39BD18E4DB7A72EA27C01E9A6BE",840.0,"321"
"E7C37FF5C2614585A01E216B14C09E86",1360.0,"865"
"E829B362A5FA40BF92402E1C21EB01B4",390.0,"615"
"E829C72BB447411583DD461C1C2B1B28",100.0,"383"
"E853A2DB1CAF40128BDBDE45D2699496",560.0,"901"
"E8ECE5EB8A034F5FB7AE09744D709569",1120.0,"187"
"E954570CB8094A539FFFB852A40E09AD",700.0,"837"
"E9597318B774432E9F0C96D84055CF74",900.0,"931"
"E971AC18EC4445CFA3497189D11AB20D",680.0,"29"
"E971C19EBDB14DC9A06C427AFA103F0F",750.0,"319"
"E98210FBB8114009A7FFE41504A5EDCA",2000.0,"786"
"E99B28F8D5064F10ABF31570E44498E5",1800.0,"492"
"EB0E641272964823A49C60D66C03F680",450.0,"704"
"EB3E3564A2A44924A807689DF6635ADE",600.0,"975"
"EBED1DFB005E4E738796DF1D5E58A731",100.0,"366"
"EC0BC074DC3C4135A4CE1276B5CC53F8",100.0,"444"
"EC2F50097AF4455CB4F55D0CC4401BCC",850.0,"630"
"EC817959A0A542369E449CE8E4DB07DA",600.0,"313"
"ECFC600B6E4C49DFA0C0F61780861E06",1170.0,"228"
"EDE9F345BB43400196D728F709FDF8F4",260.0,"191"
"EE12EF70A7634C3F8E4909F633AE4682",900.0,"245"
"EE910F5715B34F189AF14AD6A300BEE3",150.0,"2"
"EEB0147346FB45B085D4EAAEBB151EC8",1190.0,"583"
"EED9A934CEAD41BAA2B9452AE055D2EF",1040.0,"307"
"EEEB638E30934F36B4341C0DBBC4063B",1260.0,"491"
"EF28E1FE037243DE82EF73B6F4213718",500.0,"108"
"EFAB4CF7121C43A98B0B2C0618AECB4E",1020.0,"250"
"EFFF36EEE793493399128A001D0ABA8F",500.0,"979"
"F03AD36EB6C4478ABF692D21237ED351",390.0,"940"
"F03B49F34AA6419D80A37B06F09B84D8",1040.0,"510"
"F050978DE6254E6984921D8A32107535",1050.0,"598"
"F054D85E183B4575B7E72DB627B1F949",560.0,"588"
"F07A21BED0DB41A3AE3E3307489E6449",510.0,"419"
"F084156A9D4845E391C5046E4DEE43DE",600.0,"157"
"F0CB2B3B30384B6FBFD20F946C17FBD4",150.0,"600"
"F0F13BA7AD2B40C7AFAA0DBCEF5E555D",910.0,"887"
"F10BAB72371542E99153CEAB92744AF7",800.0,"893"
"F20576E19B7644DD9F49ADEFA937BE24",500.0,"351"
"F22587E85FB24CF2B214A0695E50EEB9",840.0,"573"
"F38EB8C3FCBC414EB5BBA14F66F0C292",1050.0,"467"
"F3DB8B8D68EC4FE4957D95E49010D6CF",200.0,"490"
"F4BA26AA4C9B4079837C349A0FE9CE2C",1700.0,"328"
"F4E9DE738BCC4ABBB653B073C8FEDF69",170.0,"372"
"F5687AA803D44936B6E7BBB39D478641",1200.0,"596"
"F56A5C7562084776A22F6D74DBEA7ACF",910.0,"629"
"F60785B9FE194BD4866A7543D0273887",1600.0,"51"
"F6506FC17F72448A97DE337EEE3980B1",600.0,"899"
"F688EF4655DF40DF8FCD6715701FE9B4",980.0,"173"
"F7066D387C7B40C0B8CE09FFB44F6C9E",1360.0,"216"
"F72066E22CE249A99BA237314B0F3301",800.0,"396"
"F72D902B12A7469DAC323E132F1D8504",980.0,"891"
"F74545CA26E1408C806FBB7F2A4D1131",130.0,"964"
"F7866C17C9274536B6B06FC6A4B22C8A",2000.0,"205"
"F7D2179316C04AB69F6BD0BA66AA59EC",130.0,"825"
"F7DECEFDEFB349D489C5C0805B56079E",300.0,"953"
"F81FEE173459405CA24727C798D038CB",280.0,"884"
"F826BBB058D543ECAA1A08DF4E62997A",200.0,"87"
"F88F53D21E714B1EA05CEDFDEF58454C",1190.0,"233"
"F897F60CAB6044F6AB9C2CF3B89D8495",340.0,"606"
"F89847489C7149478F3BF3D7091664BB",1020.0,"553"
"F8C48B5DA74440128B52154B88C03E67",2000.0,"107"
"F8F90C77BE334F1CB89D4B3AB983C924",150.0,"484"
"F93ED99F02074E2B958AAB2984EAC87B",1400.0,"846"
"F9714D93B5B948CE963217B9958DF330",400.0,"949"
"F98DD00038D84AA082CC91B57127D4E5",1200.0,"806"
"F9DBED59F1A34CCF83BD0C88844B48E1",1200.0,"934"
"FA8A8510698941C6919AF3B2B9E0501F",500.0,"93"
"FABBABEB447A4118BA9BD3A337117E87",1000.0,"97"
"FABE2C29D1EE42CD83ED7FA64381D82C",150.0,"137"
"FB7C5DE7A25A4B48A81DD2E1B73DB188",260.0,"528"
"FBB1DD476F91480A948FE8293BFC5724",700.0,"370"
"FBCE8D4498A149E8AA44395E3043B475",1170.0,"102"
"FC1E8E01B8D241ABB6D7803C000D5E78",1200.0,"110"
"FC4115AF575547EEAA8DDBC815A5C054",1260.0,"317"
"FDA196CC89F544FD840541DAA02F2481",390.0,"593"
"FE4E8F248040447582953C5C71C3B78C",130.0,"497"
"FE72A6B3F0AB4DD9BC7F80EED8821781",1170.0,"970"
"FF2B1377BE044A65B65F6569F2A2F781",1360.0,"185"
"FFA859E615FD48BEB17CCF9F09A12838",1400.0,"978"
"FFD8302DB85E45A79EF3681B45FDE32E",1050.0,"184"
"FFE193C8518C4882B37483EA6216BE27",1500.0,"549"
"FFE2F48C0129406BA6BA4458D4D240BB",560.0,"76"
