CREATE DATABASE  IF NOT EXISTS `movie_database` /*!40100 DEFAULT CHARACTER SET utf8mb4 */;
USE `movie_database`;
-- MySQL dump 10.13  Distrib 8.0.31, for Win64 (x86_64)
--
-- Host: 127.0.0.1    Database: movie_ticket_reservation
-- ------------------------------------------------------
-- Server version	5.7.40-log

/*!40101 SET @OLD_CHARACTER_SET_CLIENT=@@CHARACTER_SET_CLIENT */;
/*!40101 SET @OLD_CHARACTER_SET_RESULTS=@@CHARACTER_SET_RESULTS */;
/*!40101 SET @OLD_COLLATION_CONNECTION=@@COLLATION_CONNECTION */;
/*!50503 SET NAMES utf8 */;
/*!40103 SET @OLD_TIME_ZONE=@@TIME_ZONE */;
/*!40103 SET TIME_ZONE='+00:00' */;
/*!40014 SET @OLD_UNIQUE_CHECKS=@@UNIQUE_CHECKS, UNIQUE_CHECKS=0 */;
/*!40014 SET @OLD_FOREIGN_KEY_CHECKS=@@FOREIGN_KEY_CHECKS, FOREIGN_KEY_CHECKS=0 */;
/*!40101 SET @OLD_SQL_MODE=@@SQL_MODE, SQL_MODE='NO_AUTO_VALUE_ON_ZERO' */;
/*!40111 SET @OLD_SQL_NOTES=@@SQL_NOTES, SQL_NOTES=0 */;

--
-- Temporary view structure for view `_max_movie_releases`
--

DROP TABLE IF EXISTS `_max_movie_releases`;
/*!50001 DROP VIEW IF EXISTS `_max_movie_releases`*/;
SET @saved_cs_client     = @@character_set_client;
/*!50503 SET character_set_client = utf8mb4 */;
/*!50001 CREATE VIEW `_max_movie_releases` AS SELECT 
 1 AS `top_actors`,
 1 AS `name`,
 1 AS `released_year`*/;
SET character_set_client = @saved_cs_client;

--
-- Temporary view structure for view `avg_rating_comedy`
--

DROP TABLE IF EXISTS `avg_rating_comedy`;
/*!50001 DROP VIEW IF EXISTS `avg_rating_comedy`*/;
SET @saved_cs_client     = @@character_set_client;
/*!50503 SET character_set_client = utf8mb4 */;
/*!50001 CREATE VIEW `avg_rating_comedy` AS SELECT 
 1 AS `Average_Rating`*/;
SET character_set_client = @saved_cs_client;

--
-- Temporary view structure for view `best_movie`
--

DROP TABLE IF EXISTS `best_movie`;
/*!50001 DROP VIEW IF EXISTS `best_movie`*/;
SET @saved_cs_client     = @@character_set_client;
/*!50503 SET character_set_client = utf8mb4 */;
/*!50001 CREATE VIEW `best_movie` AS SELECT 
 1 AS `name`,
 1 AS `max(m.rating)`*/;
SET character_set_client = @saved_cs_client;

--
-- Table structure for table `bookings`
--

DROP TABLE IF EXISTS `bookings`;
/*!40101 SET @saved_cs_client     = @@character_set_client */;
/*!50503 SET character_set_client = utf8mb4 */;
CREATE TABLE `bookings` (
  `booking_id` int(11) NOT NULL,
  `created_at` timestamp(4) NULL DEFAULT NULL,
  `user_id` int(11) DEFAULT NULL,
  `screen_shows_id` int(11) DEFAULT NULL,
  `tickets_booked` int(11) NOT NULL,
  PRIMARY KEY (`booking_id`),
  KEY `screen_shows_fk_idx` (`screen_shows_id`),
  KEY `user_id` (`user_id`),
  CONSTRAINT `screen_shows_fk` FOREIGN KEY (`screen_shows_id`) REFERENCES `screen_shows` (`id`) ON DELETE NO ACTION ON UPDATE NO ACTION,
  CONSTRAINT `user_id` FOREIGN KEY (`user_id`) REFERENCES `user` (`user_id`)
) ENGINE=InnoDB DEFAULT CHARSET=utf8;
/*!40101 SET character_set_client = @saved_cs_client */;

LOCK TABLES `bookings` WRITE;
/*!40000 ALTER TABLE `bookings` DISABLE KEYS */;
INSERT INTO `bookings` VALUES (1,'2022-01-02 14:48:51.0000',771,52,3),(2,'2021-11-08 00:40:13.0000',810,273,1),(3,'2021-06-05 12:12:41.0000',596,198,2),(4,'2020-01-22 03:55:05.0000',987,265,8),(5,'2022-06-27 19:35:42.0000',933,27,7),(6,'2020-04-16 14:48:07.0000',565,260,3),(7,'2020-10-24 23:27:29.0000',979,113,5),(8,'2021-07-26 20:39:01.0000',308,122,6),(9,'2021-04-30 05:08:21.0000',785,196,9),(10,'2020-03-17 23:10:46.0000',738,95,7),(11,'2021-10-30 11:03:34.0000',499,211,3),(12,'2021-05-23 19:05:44.0000',575,223,7),(13,'2021-12-12 17:29:57.0000',230,180,3),(14,'2021-08-31 02:39:48.0000',942,165,3),(15,'2020-08-24 03:32:36.0000',63,101,6),(16,'2020-02-15 03:17:54.0000',617,270,9),(17,'2022-06-28 15:39:02.0000',247,216,9),(18,'2022-05-20 21:44:43.0000',930,212,8),(19,'2022-04-16 01:38:36.0000',318,39,8),(20,'2020-05-15 15:57:21.0000',358,251,1),(21,'2021-05-08 15:52:23.0000',86,64,7),(22,'2021-01-09 01:02:10.0000',352,232,2),(23,'2020-09-12 02:34:52.0000',567,151,2),(24,'2021-11-14 02:50:34.0000',104,258,4),(25,'2021-07-25 17:30:49.0000',502,261,1),(26,'2022-04-08 19:35:28.0000',58,160,9),(27,'2020-08-30 21:12:14.0000',730,82,6),(28,'2020-08-17 13:27:16.0000',113,132,2),(29,'2020-06-27 08:07:26.0000',240,133,4),(30,'2022-06-21 08:24:54.0000',94,155,2),(31,'2020-12-01 03:10:10.0000',127,178,4),(32,'2020-08-23 01:40:44.0000',911,258,3),(33,'2022-05-17 14:50:21.0000',723,65,10),(34,'2020-12-13 23:40:28.0000',355,248,8),(35,'2020-09-13 23:52:22.0000',503,95,5),(36,'2020-11-26 17:45:53.0000',720,94,2),(37,'2021-10-27 00:12:59.0000',64,13,4),(38,'2021-11-07 04:13:42.0000',916,239,4),(39,'2020-06-09 01:45:29.0000',715,12,3),(40,'2020-07-11 00:36:39.0000',150,134,7),(41,'2022-03-18 11:29:24.0000',134,153,7),(42,'2021-03-22 13:45:28.0000',412,127,1),(43,'2021-01-02 09:33:15.0000',770,8,2),(45,'2021-11-15 12:56:27.0000',615,60,10),(46,'2021-04-09 19:32:18.0000',852,254,10),(47,'2021-12-24 13:43:24.0000',369,113,3),(48,'2021-05-17 20:08:52.0000',97,156,2),(49,'2020-03-28 02:00:04.0000',460,77,3),(50,'2021-04-10 00:34:04.0000',447,53,9),(51,'2020-03-30 02:45:43.0000',76,211,8),(52,'2022-03-30 09:09:03.0000',311,19,10),(53,'2022-01-29 20:42:13.0000',42,8,3),(54,'2020-12-01 05:38:31.0000',823,193,9),(55,'2021-10-27 23:43:31.0000',964,254,6),(56,'2020-04-03 00:07:14.0000',270,146,7),(57,'2022-03-13 22:13:29.0000',523,61,2),(58,'2020-11-23 01:17:42.0000',515,207,10),(59,'2022-05-26 04:33:29.0000',812,164,7),(60,'2021-07-10 02:35:40.0000',369,154,1),(61,'2021-08-29 05:47:37.0000',449,90,7),(62,'2020-02-23 18:10:03.0000',1,265,6),(63,'2021-05-17 14:12:40.0000',320,73,10),(64,'2021-10-30 02:23:00.0000',307,170,1),(65,'2020-09-28 18:10:48.0000',465,215,10),(66,'2022-02-24 01:41:56.0000',749,73,4),(67,'2020-11-10 12:31:02.0000',587,281,5),(68,'2021-08-26 06:20:00.0000',112,2,2),(69,'2021-03-01 13:44:28.0000',373,165,7),(71,'2022-01-10 16:47:31.0000',797,121,3),(72,'2022-04-15 08:13:13.0000',198,234,6),(73,'2020-07-16 20:04:26.0000',528,222,6),(74,'2021-09-23 00:24:56.0000',273,141,9),(75,'2021-04-18 11:05:59.0000',385,147,8),(76,'2020-11-19 18:11:42.0000',358,249,4),(77,'2020-08-29 03:13:04.0000',260,93,2),(78,'2020-12-12 11:24:33.0000',593,107,1),(79,'2021-05-19 15:46:27.0000',853,282,5),(80,'2020-11-06 05:36:59.0000',182,115,6),(81,'2021-07-07 12:02:31.0000',597,153,10),(82,'2020-03-26 20:46:18.0000',277,141,8),(83,'2021-10-15 19:44:48.0000',542,119,10),(84,'2020-04-28 12:00:43.0000',420,199,5),(85,'2022-06-06 11:09:24.0000',268,266,3),(86,'2022-01-11 13:36:39.0000',960,24,6),(87,'2020-07-23 23:02:08.0000',479,209,1),(88,'2021-09-28 19:32:31.0000',214,73,7),(89,'2020-05-05 14:12:29.0000',818,229,3),(90,'2021-05-24 17:08:12.0000',806,45,10),(91,'2020-11-28 00:37:02.0000',579,126,4),(92,'2020-11-19 23:14:47.0000',943,254,9),(93,'2022-01-02 22:55:58.0000',634,282,5),(94,'2022-03-11 20:56:07.0000',53,13,6),(95,'2022-02-13 03:04:55.0000',813,248,5),(96,'2021-11-20 21:14:10.0000',942,94,1),(97,'2021-03-17 17:35:47.0000',897,29,5),(98,'2021-11-18 20:08:47.0000',434,15,6),(99,'2021-04-30 20:37:32.0000',29,280,4),(100,'2022-02-13 11:40:12.0000',775,74,8),(101,'2021-04-20 03:43:44.0000',792,184,4),(102,'2020-08-31 15:38:49.0000',692,54,9),(103,'2020-08-05 03:33:32.0000',247,242,8),(104,'2021-06-13 09:17:07.0000',840,23,4),(105,'2020-06-23 10:44:31.0000',567,262,1),(106,'2021-06-29 15:45:29.0000',253,123,3),(107,'2022-05-17 00:51:45.0000',308,14,10),(108,'2022-05-19 04:18:58.0000',962,267,5),(109,'2021-06-02 20:38:13.0000',750,9,10),(110,'2021-05-06 10:23:54.0000',468,71,8),(111,'2021-03-21 13:21:24.0000',575,171,2),(112,'2021-04-17 22:57:11.0000',768,90,5),(113,'2021-01-30 09:30:29.0000',562,284,5),(114,'2022-03-03 09:06:33.0000',572,273,8),(115,'2022-05-24 22:56:37.0000',406,233,5),(116,'2020-08-18 04:49:39.0000',670,172,9),(117,'2020-05-02 14:06:30.0000',288,85,2),(118,'2021-04-03 14:04:37.0000',861,10,9),(119,'2021-03-06 06:09:08.0000',440,4,3),(120,'2022-01-15 05:29:34.0000',172,84,8),(121,'2022-04-06 22:59:04.0000',375,48,2),(122,'2021-11-02 10:22:28.0000',361,155,8),(123,'2021-07-08 05:11:31.0000',22,15,3),(124,'2020-02-27 23:27:28.0000',756,188,6),(125,'2021-11-02 06:28:37.0000',348,198,5),(126,'2022-05-18 19:12:20.0000',443,280,9),(127,'2020-02-13 17:03:06.0000',666,196,9),(128,'2021-12-16 00:56:18.0000',507,87,10),(129,'2020-06-18 21:08:57.0000',147,259,5),(130,'2021-05-20 21:48:48.0000',235,158,1),(131,'2021-10-26 08:36:59.0000',281,270,5),(132,'2020-11-12 14:23:19.0000',983,99,10),(133,'2022-05-21 00:45:24.0000',252,1,4),(134,'2021-02-18 19:56:59.0000',112,280,5),(136,'2020-05-07 00:22:39.0000',295,158,9),(137,'2020-03-29 00:14:35.0000',161,43,1),(138,'2020-08-07 04:31:14.0000',448,217,7),(139,'2021-04-28 17:42:21.0000',431,144,2),(140,'2021-09-30 17:36:32.0000',372,104,7),(141,'2022-06-26 20:30:59.0000',407,270,3),(142,'2020-02-06 10:14:06.0000',393,159,6),(143,'2020-06-23 04:42:15.0000',524,175,4),(144,'2020-10-13 04:28:27.0000',969,71,2),(145,'2021-07-02 00:41:38.0000',155,129,6),(146,'2021-05-13 20:19:38.0000',653,108,9),(147,'2020-08-05 04:52:32.0000',293,273,9),(148,'2020-07-18 19:27:31.0000',614,218,10),(150,'2022-04-16 02:41:43.0000',316,132,2),(151,'2020-05-13 22:25:08.0000',482,204,1),(152,'2021-04-02 06:06:27.0000',831,104,10),(153,'2020-10-30 18:55:04.0000',611,210,1),(154,'2022-05-11 01:17:41.0000',710,125,5),(155,'2020-08-07 08:38:12.0000',459,165,7),(156,'2021-10-31 06:37:30.0000',530,267,6),(157,'2020-03-08 06:29:10.0000',688,74,6),(158,'2022-06-12 07:20:44.0000',407,283,5),(159,'2022-04-23 09:48:45.0000',807,26,8),(160,'2021-12-02 12:42:58.0000',562,144,9),(161,'2020-06-02 06:31:33.0000',808,174,6),(162,'2021-08-12 03:49:54.0000',967,248,4),(163,'2022-04-21 05:01:09.0000',332,206,8),(165,'2022-03-21 22:15:55.0000',634,273,1),(166,'2020-05-24 23:58:34.0000',734,226,10),(167,'2021-03-19 04:32:31.0000',649,75,8),(168,'2021-12-11 08:07:14.0000',517,52,5),(169,'2020-12-31 10:28:15.0000',912,279,9),(170,'2020-03-28 19:01:40.0000',569,217,7),(171,'2022-01-22 12:35:01.0000',358,44,10),(172,'2022-05-14 14:12:52.0000',266,229,5),(173,'2020-05-05 05:05:22.0000',694,59,7),(174,'2021-02-03 11:53:52.0000',894,148,7),(175,'2020-02-05 01:16:15.0000',567,104,10),(176,'2021-02-13 02:39:12.0000',645,147,3),(177,'2020-11-24 05:02:12.0000',162,240,7),(178,'2020-01-17 16:03:24.0000',694,116,3),(179,'2020-06-16 21:50:31.0000',819,267,7),(180,'2022-05-11 23:00:23.0000',815,257,2),(181,'2020-12-06 15:07:14.0000',484,168,4),(182,'2020-04-13 00:47:42.0000',574,202,4),(183,'2021-06-29 22:12:35.0000',98,31,1),(184,'2021-08-29 20:00:45.0000',391,95,7),(185,'2020-03-28 07:41:32.0000',953,183,8),(186,'2020-05-26 08:17:04.0000',661,124,7),(187,'2021-01-09 15:53:03.0000',612,182,8),(188,'2020-08-25 05:20:42.0000',116,121,2),(189,'2022-02-05 18:05:47.0000',269,228,10),(190,'2020-05-30 11:38:29.0000',350,263,5),(191,'2022-05-21 17:06:53.0000',653,170,2),(193,'2020-10-16 09:05:05.0000',665,174,8),(194,'2021-10-18 02:59:25.0000',804,46,8),(195,'2022-06-30 21:24:05.0000',802,122,4),(196,'2022-03-04 05:39:37.0000',274,78,9),(197,'2021-10-03 23:02:33.0000',72,250,3),(198,'2020-09-18 05:10:42.0000',707,18,7),(199,'2020-05-02 22:57:38.0000',583,233,2),(200,'2022-04-03 01:47:50.0000',269,112,6),(201,'2021-08-11 19:14:18.0000',269,207,7),(202,'2021-12-02 18:30:36.0000',496,91,6),(203,'2020-05-21 14:51:32.0000',121,266,2),(204,'2021-08-11 01:41:29.0000',582,236,1),(205,'2021-04-24 15:49:15.0000',742,217,10),(206,'2020-08-08 15:35:42.0000',654,129,8),(207,'2022-03-03 12:58:16.0000',158,153,9),(208,'2021-10-22 18:08:58.0000',611,120,7),(210,'2020-11-03 16:03:24.0000',834,160,9),(211,'2020-11-03 13:03:16.0000',710,99,3),(212,'2022-06-18 10:57:23.0000',636,39,1),(213,'2021-01-25 05:49:08.0000',967,204,2),(214,'2022-04-10 03:19:54.0000',489,253,5),(215,'2020-05-16 22:43:20.0000',829,215,1),(216,'2020-03-31 08:08:52.0000',131,155,8),(217,'2021-08-22 08:02:07.0000',867,256,7),(218,'2022-05-14 07:07:02.0000',257,283,5),(219,'2022-06-04 09:49:57.0000',411,153,9),(220,'2020-08-01 17:19:27.0000',669,102,7),(221,'2021-10-03 07:45:08.0000',899,124,4),(222,'2021-10-03 11:31:49.0000',643,177,6),(223,'2021-06-04 14:37:04.0000',30,148,1),(224,'2022-01-25 12:42:12.0000',110,10,6),(225,'2021-12-17 18:11:14.0000',650,143,4),(226,'2020-11-18 11:15:55.0000',444,51,7),(227,'2021-06-04 18:49:05.0000',952,5,3),(228,'2021-03-07 19:37:52.0000',974,67,9),(229,'2020-04-15 20:31:02.0000',787,176,9),(230,'2021-12-11 14:18:33.0000',350,75,6),(231,'2020-06-06 21:24:34.0000',407,61,3),(232,'2021-12-13 18:03:38.0000',722,42,3),(233,'2020-10-06 13:31:14.0000',361,172,7),(234,'2022-04-09 16:23:02.0000',968,102,6),(235,'2020-06-10 22:33:41.0000',925,109,4),(236,'2021-08-17 22:31:50.0000',857,4,6),(237,'2021-08-21 19:49:43.0000',317,175,5),(238,'2021-02-21 17:27:01.0000',614,120,5),(239,'2021-08-21 11:30:18.0000',973,245,3),(240,'2021-01-12 00:42:04.0000',49,111,9),(241,'2021-04-01 06:00:13.0000',675,40,6),(242,'2021-01-12 01:25:28.0000',151,210,5),(243,'2021-03-03 13:57:05.0000',63,64,2),(244,'2020-04-20 18:55:26.0000',485,118,3),(245,'2021-07-28 07:29:03.0000',614,272,9),(246,'2020-10-25 22:46:45.0000',398,2,2),(247,'2020-11-26 20:54:57.0000',812,56,2),(249,'2022-05-19 12:49:47.0000',421,81,5),(250,'2020-03-02 17:26:06.0000',348,284,6),(251,'2020-04-19 09:48:13.0000',405,120,5),(252,'2020-06-15 18:41:11.0000',613,262,1),(253,'2020-11-05 14:02:06.0000',107,148,6),(254,'2021-05-02 05:35:41.0000',941,160,5),(255,'2022-01-18 13:22:55.0000',937,51,1),(256,'2020-01-15 10:00:37.0000',500,208,5),(257,'2021-11-24 14:06:08.0000',178,36,3),(258,'2022-01-15 19:14:34.0000',630,243,1),(259,'2020-02-18 09:50:07.0000',16,248,1),(260,'2021-07-05 04:01:26.0000',245,191,2),(261,'2020-10-25 21:09:52.0000',931,180,9),(262,'2022-03-11 05:40:37.0000',554,122,2),(263,'2020-03-26 08:50:38.0000',961,17,4),(264,'2021-12-03 18:06:29.0000',862,200,2),(265,'2022-04-17 21:13:37.0000',185,207,3),(266,'2021-08-05 11:00:23.0000',141,231,9),(267,'2021-10-12 22:26:31.0000',456,283,9),(268,'2020-12-09 23:14:16.0000',151,78,6),(269,'2021-04-26 19:51:43.0000',193,10,10),(270,'2021-03-29 08:37:54.0000',744,200,5),(271,'2020-03-28 17:54:09.0000',358,27,4),(272,'2020-06-06 19:40:20.0000',4,171,4),(273,'2021-01-20 20:40:52.0000',162,53,10),(274,'2022-02-10 08:41:30.0000',148,230,8),(275,'2021-10-31 02:19:20.0000',34,277,9),(276,'2020-07-10 01:15:07.0000',261,102,9),(277,'2021-10-26 08:33:27.0000',475,230,10),(278,'2021-10-01 10:03:55.0000',924,113,4),(279,'2020-10-24 21:06:22.0000',856,2,3),(280,'2022-02-05 12:53:32.0000',193,33,9),(282,'2020-08-06 05:05:15.0000',771,134,1),(283,'2021-12-20 15:45:20.0000',140,28,2),(284,'2021-04-04 15:24:47.0000',435,125,5),(286,'2020-08-15 12:28:17.0000',852,285,3),(287,'2020-08-26 04:56:01.0000',514,273,5),(288,'2022-04-11 00:38:01.0000',240,136,5),(289,'2022-06-25 14:16:50.0000',793,235,3),(290,'2021-08-19 15:33:56.0000',259,15,6),(291,'2021-11-30 21:37:16.0000',895,126,7),(292,'2021-07-09 00:08:34.0000',285,41,9),(293,'2020-05-07 20:19:13.0000',537,251,9),(294,'2020-05-23 13:29:01.0000',145,219,9),(295,'2020-12-13 01:23:05.0000',75,12,9),(296,'2021-07-02 18:52:46.0000',920,228,6),(297,'2022-03-27 02:32:01.0000',72,38,7),(298,'2021-06-12 04:55:59.0000',966,161,7),(299,'2020-06-22 07:27:35.0000',926,174,7),(300,'2020-02-29 11:54:38.0000',2,4,2),(302,'2021-09-23 18:33:38.0000',916,74,6),(303,'2020-11-22 07:03:13.0000',255,199,5),(304,'2020-05-06 18:38:45.0000',519,170,4),(305,'2021-09-28 19:52:09.0000',18,193,7),(306,'2021-08-12 19:19:29.0000',384,41,6),(307,'2022-03-30 09:33:12.0000',797,34,8),(308,'2020-09-24 17:04:40.0000',61,117,8),(309,'2020-08-25 16:01:05.0000',563,235,10),(310,'2021-03-17 10:17:24.0000',156,191,2),(311,'2021-01-26 19:18:52.0000',273,202,5),(312,'2020-09-21 18:54:27.0000',851,112,7),(313,'2021-07-04 12:24:46.0000',727,217,3),(314,'2022-02-05 03:47:20.0000',349,99,4),(315,'2021-02-06 21:41:01.0000',416,140,2),(316,'2020-08-18 05:53:13.0000',923,282,7),(317,'2022-04-15 21:02:37.0000',413,232,9),(318,'2020-11-05 22:29:01.0000',224,157,5),(319,'2021-05-20 13:26:46.0000',618,227,5),(320,'2020-08-14 03:49:29.0000',684,82,2),(321,'2021-04-29 16:18:02.0000',968,113,6),(322,'2022-04-06 06:40:39.0000',214,85,10),(323,'2020-01-31 04:22:06.0000',598,73,7),(324,'2022-03-15 03:28:13.0000',719,44,3),(325,'2021-08-01 01:03:51.0000',239,241,4),(326,'2020-01-11 13:33:08.0000',893,151,9),(327,'2020-11-23 04:13:48.0000',124,151,1),(328,'2020-02-16 20:24:15.0000',278,23,10),(329,'2022-05-20 00:43:14.0000',840,131,5),(330,'2021-11-04 06:41:50.0000',829,7,4),(331,'2022-06-29 19:12:18.0000',457,83,3),(332,'2020-09-09 15:18:56.0000',13,217,7),(333,'2020-09-17 08:38:11.0000',588,233,6),(334,'2022-04-04 15:20:29.0000',410,254,2),(335,'2022-06-09 02:35:57.0000',319,30,1),(336,'2021-02-18 18:05:57.0000',393,182,6),(337,'2021-12-27 15:06:28.0000',504,82,8),(338,'2022-04-26 20:25:43.0000',865,224,9),(339,'2022-04-23 05:57:47.0000',470,194,1),(340,'2022-06-19 15:24:02.0000',235,273,5),(341,'2020-12-15 02:35:36.0000',628,73,5),(343,'2022-02-07 06:19:11.0000',869,248,7),(344,'2022-04-05 22:23:20.0000',535,148,4),(345,'2020-08-20 03:58:47.0000',82,122,6),(346,'2020-09-04 16:13:22.0000',164,234,2),(347,'2020-05-11 01:23:49.0000',286,102,6),(348,'2021-01-17 15:01:18.0000',651,117,1),(349,'2021-02-21 18:41:35.0000',185,81,6),(350,'2021-03-21 20:56:05.0000',985,235,3),(351,'2020-09-22 13:27:41.0000',384,212,5),(352,'2020-01-15 15:49:26.0000',381,75,6),(353,'2022-06-13 23:44:27.0000',576,263,7),(354,'2021-09-15 19:43:54.0000',671,127,9),(355,'2022-04-19 16:42:15.0000',601,77,9),(356,'2020-09-22 00:33:28.0000',763,88,3),(357,'2022-06-27 13:59:00.0000',761,178,3),(358,'2021-11-30 16:42:32.0000',109,237,8),(359,'2022-05-14 03:50:19.0000',144,130,9),(360,'2020-09-20 10:45:03.0000',869,65,6),(361,'2022-05-16 07:09:41.0000',982,3,10),(362,'2021-04-11 23:37:34.0000',890,104,8),(363,'2022-06-29 21:47:13.0000',215,141,10),(364,'2020-12-15 08:11:06.0000',433,185,2),(365,'2022-03-20 15:07:40.0000',665,135,1),(366,'2021-07-06 19:36:38.0000',278,137,1),(367,'2022-04-24 15:25:05.0000',299,107,1),(368,'2020-10-09 08:20:46.0000',209,91,3),(369,'2021-02-27 09:48:52.0000',293,152,9),(370,'2022-01-30 10:50:02.0000',774,65,5),(371,'2021-11-27 17:43:33.0000',746,109,10),(372,'2020-09-12 23:29:28.0000',774,105,1),(373,'2021-06-23 11:53:25.0000',32,77,5),(374,'2020-01-15 01:36:40.0000',486,47,9),(375,'2021-01-12 04:50:08.0000',374,227,6),(376,'2021-02-02 07:40:31.0000',370,77,3),(377,'2021-05-29 14:28:44.0000',589,280,1),(378,'2022-02-25 18:35:02.0000',888,253,1),(379,'2020-07-08 05:50:40.0000',608,7,1),(380,'2022-03-17 05:45:35.0000',827,271,9),(381,'2020-11-09 01:07:52.0000',277,227,4),(382,'2021-08-11 11:51:59.0000',490,132,3),(383,'2021-03-19 16:33:31.0000',964,173,1),(384,'2021-06-17 16:27:17.0000',433,205,8),(385,'2022-06-22 19:11:28.0000',567,40,5),(386,'2021-09-11 05:34:26.0000',949,1,4),(387,'2020-02-07 20:37:17.0000',142,35,7),(388,'2021-01-06 20:28:08.0000',437,109,8),(389,'2020-10-01 02:52:04.0000',240,201,7),(390,'2020-02-04 19:46:42.0000',905,283,7),(391,'2020-12-29 12:51:36.0000',334,178,1),(392,'2020-10-13 04:41:13.0000',608,83,5),(393,'2022-01-03 01:32:30.0000',481,49,4),(394,'2021-01-22 09:55:44.0000',711,218,6),(395,'2021-06-01 23:44:48.0000',81,126,9),(396,'2020-10-03 22:50:55.0000',880,85,8),(397,'2022-02-03 21:51:29.0000',553,209,4),(398,'2020-01-19 12:05:40.0000',173,219,10),(399,'2021-09-10 00:10:34.0000',923,282,7),(400,'2022-01-07 15:38:51.0000',975,265,4),(401,'2020-11-15 16:19:34.0000',319,270,1),(402,'2022-01-08 14:41:37.0000',84,23,6),(403,'2021-04-10 04:35:05.0000',665,132,2),(404,'2021-04-30 15:43:42.0000',668,234,5),(405,'2021-05-07 15:39:47.0000',1,70,6),(406,'2020-12-27 05:11:55.0000',236,280,4),(407,'2020-07-20 21:25:52.0000',570,27,6),(408,'2021-04-27 11:33:21.0000',848,269,9),(409,'2021-08-18 14:22:59.0000',599,5,8),(410,'2022-03-05 12:15:06.0000',961,14,3),(411,'2020-06-07 12:56:01.0000',693,128,1),(412,'2021-12-13 20:56:07.0000',248,230,6),(413,'2020-11-01 09:29:05.0000',126,162,3),(414,'2020-12-23 14:34:33.0000',715,136,1),(415,'2022-03-04 02:24:10.0000',146,233,2),(416,'2020-05-26 20:02:25.0000',509,284,10),(417,'2021-02-13 00:27:35.0000',248,248,5),(418,'2021-10-21 16:18:32.0000',311,109,6),(419,'2021-06-17 19:25:32.0000',488,208,3),(420,'2022-05-17 14:25:38.0000',3,171,2),(421,'2021-04-19 10:29:32.0000',968,245,6),(422,'2022-03-02 18:49:15.0000',679,144,5),(423,'2022-06-10 11:57:20.0000',64,140,2),(425,'2020-09-27 21:48:53.0000',29,195,9),(426,'2021-12-10 17:01:22.0000',844,129,3),(427,'2021-11-14 14:28:08.0000',571,128,10),(428,'2021-10-13 02:09:03.0000',790,192,9),(429,'2020-03-21 14:36:17.0000',160,3,10),(430,'2021-11-25 19:16:52.0000',736,182,6),(431,'2020-10-14 17:24:09.0000',271,252,9),(432,'2020-09-08 02:41:28.0000',788,155,7),(433,'2020-01-16 10:44:07.0000',361,159,1),(434,'2020-01-16 02:13:33.0000',631,82,6),(435,'2022-05-14 05:53:02.0000',937,30,5),(436,'2022-03-12 05:57:47.0000',387,269,8),(437,'2021-09-23 14:37:39.0000',21,31,7),(438,'2021-08-01 08:27:25.0000',486,244,8),(439,'2021-05-14 00:48:52.0000',35,178,5),(440,'2020-07-26 10:09:26.0000',722,120,2),(441,'2022-03-15 17:58:25.0000',273,107,9),(442,'2020-10-20 06:34:06.0000',129,132,3),(443,'2021-11-21 01:30:05.0000',829,122,8),(444,'2022-06-18 19:40:51.0000',734,89,1),(445,'2021-05-02 06:46:38.0000',81,163,2),(446,'2021-11-02 11:20:57.0000',264,212,4),(447,'2020-10-05 02:48:31.0000',918,95,10),(448,'2022-06-01 20:16:28.0000',563,55,1),(449,'2021-12-08 14:36:12.0000',551,16,1),(450,'2021-07-16 07:46:30.0000',891,169,8),(451,'2020-03-18 20:25:20.0000',98,128,5),(452,'2021-01-29 15:17:55.0000',162,108,10),(453,'2020-01-14 03:56:16.0000',454,232,8),(454,'2020-04-30 09:32:39.0000',607,176,10),(455,'2021-02-18 05:56:30.0000',442,185,2),(456,'2021-11-26 13:37:42.0000',137,52,3),(457,'2021-04-14 21:28:00.0000',518,251,1),(458,'2020-02-24 02:50:19.0000',830,210,6),(459,'2022-04-24 10:06:05.0000',839,18,7),(460,'2021-06-26 02:51:57.0000',650,83,7),(461,'2020-05-20 06:09:03.0000',957,1,8),(462,'2021-09-16 11:58:33.0000',513,6,10),(463,'2020-10-06 10:47:02.0000',970,189,6),(464,'2021-09-01 09:20:32.0000',945,111,2),(465,'2020-09-02 15:49:26.0000',861,135,4),(466,'2022-01-20 18:43:54.0000',484,272,10),(467,'2020-06-08 21:46:34.0000',644,94,7),(468,'2021-05-27 04:56:53.0000',509,69,3),(469,'2021-05-19 16:07:34.0000',988,27,7),(470,'2021-04-09 09:20:36.0000',305,19,2),(471,'2020-12-22 15:22:13.0000',246,242,10),(472,'2022-02-20 16:14:04.0000',219,229,2),(473,'2020-01-18 21:27:24.0000',889,132,3),(474,'2022-06-06 16:48:43.0000',995,112,7),(475,'2020-03-19 03:04:49.0000',441,153,10),(476,'2021-11-19 23:29:55.0000',442,280,5),(477,'2021-05-31 16:18:14.0000',958,253,9),(478,'2021-09-05 21:57:42.0000',169,90,2),(479,'2021-05-07 19:47:20.0000',220,88,8),(480,'2020-05-02 22:30:44.0000',181,165,8),(481,'2021-06-19 02:39:57.0000',769,248,3),(482,'2021-03-21 16:59:06.0000',331,93,3),(483,'2020-12-24 00:47:32.0000',213,10,8),(484,'2020-07-30 17:58:11.0000',290,207,1),(485,'2022-03-05 01:00:11.0000',428,56,10),(486,'2020-11-29 10:42:10.0000',663,112,8),(487,'2020-01-21 06:20:22.0000',172,3,10),(488,'2021-06-04 19:00:50.0000',682,260,4),(489,'2020-09-04 19:53:30.0000',922,181,2),(490,'2021-05-19 06:29:32.0000',687,143,2),(491,'2021-07-14 23:21:18.0000',119,116,9),(492,'2020-08-16 00:20:13.0000',726,275,9),(493,'2021-01-25 20:10:12.0000',911,166,10),(494,'2020-08-26 13:56:44.0000',217,21,6),(495,'2020-12-10 02:48:02.0000',828,130,1),(496,'2020-06-13 04:49:08.0000',386,18,6),(497,'2020-05-11 22:28:33.0000',430,121,1),(498,'2022-03-19 22:35:40.0000',625,130,8),(499,'2020-02-29 05:33:41.0000',313,46,4),(500,'2021-03-24 21:19:05.0000',458,36,1),(501,'2021-03-27 17:27:16.0000',609,171,10),(502,'2022-04-14 17:21:55.0000',12,65,4),(503,'2020-08-08 03:58:44.0000',360,67,6),(504,'2020-11-04 00:45:53.0000',456,207,7),(505,'2021-08-03 01:05:44.0000',365,81,8),(506,'2021-06-26 04:01:35.0000',301,22,2),(507,'2022-02-22 03:27:50.0000',113,236,2),(508,'2021-07-14 23:14:15.0000',11,168,8),(509,'2020-12-31 11:17:39.0000',411,220,8),(510,'2022-03-30 05:58:57.0000',233,285,8),(511,'2020-12-19 06:46:18.0000',308,248,2),(512,'2020-09-28 21:37:13.0000',498,27,4),(513,'2020-03-27 06:57:46.0000',821,252,3),(514,'2021-10-01 22:58:47.0000',252,20,2),(515,'2020-04-02 17:54:10.0000',347,39,1),(516,'2020-11-07 01:45:38.0000',11,245,4),(517,'2020-10-30 23:16:34.0000',237,259,9),(518,'2022-06-19 10:57:38.0000',721,60,3),(519,'2021-08-04 07:39:37.0000',522,11,7),(520,'2021-01-12 12:56:42.0000',904,105,7),(521,'2022-01-29 01:34:49.0000',618,227,9),(522,'2021-07-24 10:01:02.0000',963,21,7),(524,'2020-06-08 23:16:38.0000',296,106,7),(525,'2021-04-14 07:36:31.0000',65,46,1),(527,'2020-02-12 09:24:29.0000',353,273,9),(528,'2021-02-17 11:48:07.0000',772,168,2),(529,'2021-03-21 12:44:31.0000',259,118,6),(530,'2022-04-18 09:19:37.0000',24,74,7),(531,'2021-07-03 18:33:21.0000',748,183,9),(532,'2022-06-21 16:31:18.0000',887,40,8),(533,'2021-06-16 06:33:42.0000',560,262,3),(535,'2021-02-10 15:58:32.0000',790,189,6),(536,'2020-06-25 13:45:21.0000',542,23,9),(537,'2021-04-17 00:04:56.0000',873,241,5),(538,'2020-05-11 22:45:36.0000',430,256,4),(539,'2020-09-19 03:38:10.0000',428,115,2),(540,'2020-08-06 14:49:42.0000',211,47,2),(541,'2020-06-09 05:12:43.0000',765,23,4),(542,'2022-01-20 17:01:02.0000',293,216,10),(543,'2021-11-03 09:27:46.0000',956,127,1),(544,'2021-11-29 02:12:44.0000',502,49,7),(545,'2021-06-17 15:39:33.0000',189,266,1),(546,'2020-02-14 00:06:55.0000',806,118,6),(547,'2020-03-31 20:23:04.0000',344,220,6),(548,'2021-09-21 06:22:59.0000',20,8,3),(549,'2022-06-19 23:59:22.0000',326,206,10),(550,'2021-10-01 19:43:11.0000',848,21,8),(551,'2022-04-06 00:40:29.0000',225,103,6),(552,'2022-02-18 00:25:51.0000',21,200,6),(553,'2020-02-07 04:12:12.0000',327,278,6),(554,'2021-05-25 23:22:08.0000',735,107,9),(555,'2021-07-28 14:35:01.0000',85,121,2),(556,'2021-10-08 12:09:02.0000',985,283,3),(557,'2021-07-08 16:49:02.0000',995,94,10),(559,'2021-01-28 23:36:29.0000',218,148,7),(560,'2020-04-23 09:39:59.0000',700,265,5),(561,'2021-09-13 20:03:43.0000',827,284,7),(562,'2020-10-31 07:32:31.0000',268,148,6),(563,'2021-07-21 14:32:30.0000',392,281,9),(564,'2021-06-22 10:57:40.0000',911,1,6),(566,'2021-10-12 04:26:49.0000',791,94,7),(567,'2022-02-12 12:43:30.0000',839,108,5),(568,'2020-10-24 11:30:27.0000',945,38,9),(569,'2022-04-05 19:50:06.0000',208,268,1),(570,'2022-04-25 13:47:09.0000',623,8,6),(571,'2022-01-20 05:01:40.0000',886,1,1),(572,'2021-10-11 01:14:02.0000',175,125,8),(573,'2020-09-19 13:18:42.0000',844,194,6),(574,'2022-01-15 22:41:17.0000',134,257,5),(575,'2021-03-01 04:19:49.0000',784,9,7),(576,'2022-05-29 11:38:04.0000',198,282,2),(577,'2021-07-17 03:37:19.0000',987,117,5),(578,'2022-02-03 12:51:50.0000',232,253,5),(579,'2021-12-21 07:59:15.0000',705,67,5),(580,'2020-05-17 14:18:00.0000',213,172,3),(581,'2021-06-23 13:43:34.0000',691,101,6),(582,'2020-04-23 09:35:13.0000',76,209,4),(583,'2022-06-29 21:19:29.0000',5,172,7),(584,'2021-06-22 14:34:35.0000',36,159,3),(585,'2022-01-20 06:50:37.0000',355,127,7),(586,'2021-07-10 12:58:40.0000',444,141,4),(587,'2020-05-09 01:49:52.0000',170,38,9),(588,'2020-01-05 07:17:12.0000',313,259,4),(589,'2020-11-14 19:00:10.0000',679,172,7),(590,'2021-03-06 01:27:03.0000',76,6,6),(591,'2021-01-27 02:01:59.0000',467,26,8),(592,'2020-09-12 06:15:00.0000',584,277,9),(593,'2020-05-24 21:10:22.0000',27,260,3),(594,'2021-01-04 06:02:03.0000',204,258,9),(595,'2020-05-29 14:42:34.0000',163,189,1),(596,'2020-11-23 14:58:19.0000',258,46,6),(597,'2020-04-14 16:01:14.0000',944,156,1),(598,'2020-08-02 01:27:43.0000',504,200,7),(599,'2022-06-03 02:10:54.0000',257,7,4),(600,'2021-11-14 15:35:50.0000',743,227,1),(601,'2020-07-15 20:41:41.0000',329,16,9),(602,'2020-01-21 19:44:44.0000',827,254,5),(603,'2020-11-02 01:36:26.0000',126,151,1),(604,'2022-03-11 01:30:25.0000',126,26,10),(605,'2021-02-01 00:00:06.0000',881,257,7),(606,'2020-06-05 21:37:47.0000',542,188,2),(607,'2022-06-04 21:00:07.0000',912,138,10),(608,'2020-05-18 23:49:15.0000',872,217,2),(609,'2020-01-10 19:36:09.0000',739,200,2),(610,'2021-08-19 16:27:14.0000',705,146,8),(611,'2021-10-08 06:10:07.0000',307,136,7),(612,'2021-01-15 02:01:29.0000',16,170,2),(613,'2022-06-25 00:43:12.0000',201,103,9),(614,'2021-02-17 12:41:20.0000',182,178,1),(615,'2021-03-12 16:10:27.0000',253,142,3),(616,'2022-01-10 22:10:46.0000',649,216,9),(618,'2020-08-20 11:59:16.0000',98,192,7),(619,'2022-06-23 14:16:59.0000',709,51,4),(620,'2020-08-26 15:25:56.0000',659,70,7),(621,'2022-03-19 23:09:24.0000',248,239,5),(622,'2021-07-28 02:21:39.0000',847,138,1),(623,'2021-10-17 03:44:11.0000',400,172,4),(624,'2020-03-21 11:37:33.0000',858,23,7),(625,'2021-05-16 07:08:53.0000',333,172,10),(626,'2021-03-11 05:43:02.0000',491,218,10),(627,'2020-09-14 04:03:27.0000',940,4,5),(628,'2022-04-17 03:26:23.0000',795,48,4),(629,'2020-05-24 08:27:41.0000',33,73,7),(630,'2020-12-27 11:47:26.0000',809,26,5),(631,'2021-04-18 18:14:37.0000',988,268,7),(632,'2021-07-22 00:16:46.0000',138,155,9),(633,'2021-11-25 19:40:44.0000',1000,140,5),(634,'2020-03-14 08:58:03.0000',970,168,9),(635,'2022-02-12 00:55:30.0000',394,237,10),(636,'2021-07-02 13:44:41.0000',952,148,3),(637,'2021-11-12 10:33:26.0000',725,285,5),(638,'2022-04-30 19:50:01.0000',691,158,9),(639,'2022-03-27 22:12:04.0000',117,93,8),(640,'2021-02-11 23:45:23.0000',491,80,10),(641,'2020-05-30 05:19:23.0000',808,102,1),(643,'2020-09-03 15:30:48.0000',354,184,9),(644,'2020-05-12 05:56:17.0000',426,70,6),(645,'2021-07-27 09:34:23.0000',218,192,9),(646,'2022-03-08 12:38:54.0000',944,225,3),(647,'2022-02-21 17:44:24.0000',287,235,6),(648,'2020-11-09 14:02:09.0000',693,119,5),(649,'2021-12-16 21:17:40.0000',245,222,8),(650,'2021-06-29 20:05:43.0000',148,94,10),(652,'2021-11-27 06:37:56.0000',779,257,10),(653,'2021-12-10 07:45:52.0000',142,148,3),(654,'2020-07-26 23:36:18.0000',701,200,10),(655,'2022-03-13 02:22:10.0000',599,272,10),(656,'2022-02-07 15:05:00.0000',733,106,4),(657,'2022-03-26 01:32:04.0000',214,78,10),(658,'2020-09-12 09:41:41.0000',66,39,4),(659,'2021-05-01 21:40:02.0000',912,40,3),(661,'2021-07-29 21:05:04.0000',605,193,8),(662,'2022-01-03 18:56:34.0000',317,82,2),(663,'2021-02-13 23:49:07.0000',372,231,7),(664,'2020-07-25 06:16:15.0000',2,45,10),(665,'2020-03-03 04:13:40.0000',265,7,10),(666,'2021-03-18 14:06:54.0000',40,221,4),(667,'2021-06-22 23:37:58.0000',984,16,8),(668,'2021-12-21 14:21:14.0000',190,211,7),(669,'2020-06-07 00:12:02.0000',167,150,8),(670,'2022-03-12 01:13:29.0000',963,268,7),(671,'2020-07-21 13:48:35.0000',253,251,3),(672,'2022-01-15 07:53:20.0000',299,84,9),(673,'2020-09-06 21:41:54.0000',980,129,4),(674,'2021-03-16 09:58:35.0000',508,268,4),(675,'2021-12-11 06:30:06.0000',146,182,4),(676,'2021-02-14 09:45:55.0000',308,284,1),(677,'2020-01-15 17:48:57.0000',257,52,5),(678,'2020-02-15 10:15:52.0000',833,65,8),(679,'2022-02-04 06:36:06.0000',632,267,2),(680,'2020-08-21 09:19:58.0000',608,183,8),(681,'2021-02-04 23:23:43.0000',728,118,9),(682,'2022-01-06 18:38:02.0000',54,245,2),(683,'2021-09-09 14:04:30.0000',370,112,7),(684,'2020-02-05 16:08:13.0000',558,157,5),(685,'2021-08-30 07:58:52.0000',747,231,4),(686,'2022-04-28 07:47:29.0000',597,60,3),(687,'2022-01-18 03:28:20.0000',672,184,2),(688,'2022-02-22 06:41:35.0000',893,62,3),(689,'2021-12-19 06:46:37.0000',740,202,4),(690,'2021-10-15 01:56:19.0000',489,258,5),(691,'2021-06-26 08:32:06.0000',555,11,3),(692,'2021-07-03 19:55:18.0000',841,263,7),(693,'2021-10-05 21:36:47.0000',269,280,4),(694,'2021-09-03 23:26:27.0000',28,13,2),(695,'2021-05-04 12:18:45.0000',489,279,4),(696,'2022-01-31 15:46:57.0000',493,251,6),(697,'2022-04-12 13:17:39.0000',944,207,3),(698,'2021-11-30 01:04:30.0000',603,126,9),(699,'2021-04-06 22:17:27.0000',649,230,6),(700,'2021-01-31 19:43:59.0000',79,183,10),(701,'2020-07-26 08:03:11.0000',193,117,6),(702,'2020-07-12 18:45:38.0000',762,177,4),(703,'2021-11-09 15:11:38.0000',253,36,10),(704,'2020-03-17 16:05:10.0000',178,266,3),(705,'2022-02-24 04:11:21.0000',268,78,10),(706,'2021-09-25 11:54:29.0000',286,250,4),(707,'2020-12-04 13:47:01.0000',253,280,8),(708,'2021-05-19 15:19:15.0000',818,159,5),(709,'2021-04-20 07:34:28.0000',170,56,1),(710,'2020-11-26 15:48:55.0000',665,39,6),(711,'2021-01-09 23:39:48.0000',367,121,10),(712,'2022-01-16 21:34:37.0000',420,181,6),(713,'2021-09-21 16:06:13.0000',567,88,8),(714,'2020-10-09 05:16:36.0000',569,124,4),(716,'2021-09-04 20:38:28.0000',454,237,2),(718,'2022-04-29 17:52:20.0000',660,166,3),(719,'2020-09-21 21:02:20.0000',849,248,10),(720,'2020-05-14 17:35:31.0000',361,41,1),(721,'2021-02-14 06:58:53.0000',296,62,6),(722,'2021-04-06 19:22:17.0000',157,166,4),(724,'2020-07-20 00:37:03.0000',968,279,1),(725,'2020-09-05 00:28:18.0000',731,184,8),(726,'2020-05-05 04:08:08.0000',245,271,5),(727,'2020-05-25 06:41:43.0000',100,278,2),(728,'2021-09-29 00:52:47.0000',684,201,2),(729,'2021-06-18 13:49:10.0000',943,277,10),(730,'2021-11-18 07:32:47.0000',145,230,5),(731,'2021-11-26 05:08:11.0000',957,159,2),(732,'2020-06-29 09:30:13.0000',594,135,8),(733,'2021-11-26 12:28:43.0000',228,54,6),(734,'2021-10-14 22:03:51.0000',576,88,3),(735,'2020-04-26 20:35:04.0000',408,7,9),(736,'2021-08-31 03:50:44.0000',550,174,7),(737,'2021-08-26 03:55:32.0000',421,143,10),(738,'2021-03-29 09:58:49.0000',469,85,3),(739,'2021-07-15 12:44:52.0000',429,198,8),(740,'2020-05-31 15:37:19.0000',139,189,6),(741,'2020-08-20 12:46:10.0000',838,153,8),(742,'2021-07-04 02:42:33.0000',587,132,4),(743,'2020-05-22 12:05:23.0000',659,92,1),(744,'2021-09-12 19:13:30.0000',2,210,6),(745,'2020-05-20 09:44:43.0000',65,283,2),(746,'2020-05-14 11:39:18.0000',765,281,3),(747,'2020-04-19 20:10:43.0000',590,156,6),(748,'2020-02-12 03:46:17.0000',690,20,7),(749,'2020-06-22 19:32:39.0000',541,275,8),(750,'2022-06-13 09:53:41.0000',883,248,5),(751,'2021-01-30 08:41:54.0000',837,224,4),(752,'2020-12-29 09:02:22.0000',329,135,3),(753,'2021-09-24 23:07:37.0000',504,275,10),(754,'2020-09-08 00:32:45.0000',923,182,1),(755,'2021-05-26 23:21:28.0000',298,235,1),(756,'2021-05-09 22:57:15.0000',461,68,3),(757,'2021-12-05 23:45:31.0000',333,101,6),(758,'2020-12-11 16:49:30.0000',489,70,10),(759,'2020-07-15 12:26:08.0000',431,284,5),(760,'2020-04-12 08:50:49.0000',293,163,6),(761,'2020-05-16 21:12:04.0000',591,63,8),(762,'2021-04-13 17:57:51.0000',11,160,4),(763,'2021-09-23 00:12:06.0000',163,148,3),(764,'2021-12-28 20:16:17.0000',917,30,3),(765,'2021-02-23 15:02:01.0000',704,111,4),(766,'2022-06-19 22:37:44.0000',420,75,7),(767,'2021-05-16 14:53:22.0000',188,147,7),(769,'2020-09-20 13:23:02.0000',596,123,4),(770,'2021-02-28 19:12:14.0000',543,39,1),(771,'2021-02-14 11:11:46.0000',482,262,7),(773,'2020-05-08 02:02:35.0000',434,215,2),(774,'2020-12-16 20:34:12.0000',679,230,4),(775,'2020-10-31 08:55:01.0000',401,25,8),(776,'2022-02-09 20:01:56.0000',536,11,10),(777,'2020-01-14 11:06:51.0000',332,269,8),(778,'2020-06-17 22:35:06.0000',812,44,8),(779,'2022-05-06 06:39:16.0000',737,73,7),(780,'2020-09-28 08:06:38.0000',101,279,1),(781,'2020-05-28 00:03:41.0000',999,267,9),(782,'2022-02-23 11:28:31.0000',545,165,7),(783,'2020-09-01 10:28:11.0000',21,114,6),(784,'2020-05-12 08:06:31.0000',118,255,4),(785,'2020-07-02 11:32:50.0000',673,112,4),(786,'2020-02-06 00:06:28.0000',824,174,10),(788,'2021-07-28 20:20:47.0000',873,16,6),(789,'2021-12-12 21:36:31.0000',386,223,8),(790,'2020-04-30 00:13:27.0000',230,149,3),(791,'2021-02-03 17:16:47.0000',732,86,9),(792,'2020-05-16 01:45:14.0000',192,99,5),(793,'2020-08-24 04:25:15.0000',584,198,2),(795,'2020-07-29 10:01:51.0000',542,269,4),(796,'2021-02-12 06:09:06.0000',728,127,4),(797,'2021-12-10 12:03:43.0000',358,158,8),(798,'2020-05-03 10:53:52.0000',572,234,5),(799,'2021-12-15 20:00:43.0000',968,56,1),(800,'2020-12-22 17:49:06.0000',337,104,9),(801,'2022-01-27 03:41:26.0000',709,33,1),(802,'2022-04-13 03:21:08.0000',345,52,3),(803,'2020-10-27 00:03:59.0000',845,125,6),(804,'2021-09-12 06:34:04.0000',491,216,2),(805,'2021-12-23 20:40:31.0000',666,283,4),(806,'2020-10-26 17:25:22.0000',647,41,8),(807,'2021-03-28 12:03:24.0000',583,259,5),(808,'2021-10-21 06:48:11.0000',548,77,1),(809,'2021-01-26 12:33:45.0000',983,172,10),(810,'2021-08-19 16:29:53.0000',762,30,7),(811,'2022-06-18 04:22:42.0000',869,114,6),(812,'2020-07-23 07:12:41.0000',234,68,10),(813,'2020-10-12 00:22:16.0000',987,206,6),(814,'2020-11-19 07:39:16.0000',408,213,7),(815,'2021-08-06 21:01:14.0000',913,124,6),(816,'2020-06-02 23:35:42.0000',514,33,7),(817,'2021-07-30 07:30:03.0000',762,250,5),(818,'2020-03-11 23:15:32.0000',764,106,1),(819,'2022-06-29 17:56:29.0000',217,170,6),(820,'2020-12-12 16:36:55.0000',397,126,7),(821,'2021-07-12 16:04:12.0000',830,91,9),(822,'2020-05-19 05:44:28.0000',999,35,4),(823,'2022-06-20 12:12:07.0000',296,138,6),(824,'2022-01-05 06:58:10.0000',560,241,9),(825,'2020-09-13 19:03:22.0000',237,49,1),(826,'2022-01-12 00:26:17.0000',724,168,6),(827,'2020-08-23 11:35:51.0000',829,152,5),(828,'2020-04-07 21:39:16.0000',424,94,1),(829,'2020-08-17 20:17:09.0000',49,84,6),(830,'2020-01-02 19:26:09.0000',396,105,2),(831,'2021-11-17 16:31:01.0000',33,251,2),(832,'2021-07-23 00:51:04.0000',286,22,3),(834,'2021-09-08 06:12:46.0000',283,118,10),(835,'2021-05-14 10:40:00.0000',646,75,9),(836,'2022-02-05 00:34:42.0000',43,3,5),(837,'2020-12-05 12:21:06.0000',715,272,7),(838,'2021-02-19 08:16:37.0000',693,61,2),(839,'2020-11-25 15:42:51.0000',638,103,9),(840,'2021-09-01 12:28:08.0000',61,191,2),(841,'2021-07-31 21:18:13.0000',957,130,10),(842,'2020-02-26 00:34:27.0000',684,87,7),(843,'2022-01-27 05:31:50.0000',594,176,9),(844,'2020-05-02 20:42:14.0000',127,164,4),(845,'2022-02-07 06:26:28.0000',501,267,6),(846,'2020-07-31 17:08:38.0000',900,226,10),(847,'2022-05-18 20:14:04.0000',641,233,9),(848,'2020-10-07 00:01:42.0000',524,219,2),(849,'2021-02-03 12:10:32.0000',405,96,2),(850,'2022-05-29 09:41:52.0000',125,60,8),(851,'2022-04-30 23:57:44.0000',533,194,10),(852,'2021-04-01 13:58:43.0000',209,117,4),(853,'2020-05-04 23:22:11.0000',281,117,10),(854,'2020-02-04 01:53:02.0000',617,159,4),(855,'2022-03-23 21:50:26.0000',877,208,10),(856,'2020-11-12 14:21:44.0000',325,278,5),(857,'2022-02-17 13:45:12.0000',138,209,7),(858,'2021-12-26 07:38:33.0000',969,282,6),(859,'2021-03-30 04:55:40.0000',929,188,6),(860,'2021-06-15 03:16:44.0000',907,107,3),(861,'2021-07-03 06:27:30.0000',426,36,5),(862,'2022-03-20 12:42:46.0000',58,233,9),(863,'2020-09-18 01:10:43.0000',639,116,2),(864,'2021-12-25 17:31:16.0000',158,79,9),(865,'2020-05-03 23:12:17.0000',445,186,8),(866,'2021-05-20 16:52:51.0000',294,259,8),(867,'2021-09-21 10:40:13.0000',303,84,7),(868,'2022-05-10 06:06:23.0000',301,5,10),(869,'2021-06-07 01:33:07.0000',795,42,4),(870,'2020-06-21 09:05:20.0000',290,16,6),(871,'2021-10-30 22:57:35.0000',794,82,5),(872,'2021-05-03 03:38:54.0000',888,159,5),(873,'2020-07-25 08:11:05.0000',960,48,10),(874,'2021-05-04 03:21:26.0000',886,130,5),(875,'2020-06-26 09:03:06.0000',276,19,5),(877,'2020-08-24 18:28:17.0000',302,31,2),(878,'2022-03-31 08:17:05.0000',966,126,1),(879,'2021-09-25 15:28:31.0000',623,160,1),(880,'2020-03-21 08:58:41.0000',997,109,5),(881,'2021-01-22 00:47:25.0000',93,150,2),(882,'2021-08-19 07:51:10.0000',978,110,1),(883,'2020-11-15 00:14:14.0000',197,162,4),(884,'2021-09-07 04:12:19.0000',841,283,2),(885,'2021-12-19 06:33:47.0000',295,169,7),(886,'2022-02-10 02:31:29.0000',977,25,6),(887,'2020-09-27 13:49:20.0000',14,250,7),(888,'2020-05-04 13:48:58.0000',718,79,9),(889,'2020-12-20 16:37:09.0000',761,36,10),(890,'2020-03-30 14:22:08.0000',649,165,8),(891,'2021-05-16 05:49:31.0000',743,111,7),(892,'2021-04-04 13:08:34.0000',358,144,9),(893,'2021-04-19 22:29:06.0000',706,85,8),(894,'2020-04-10 08:43:24.0000',753,138,5),(895,'2020-12-24 08:04:28.0000',652,285,10),(896,'2020-01-20 15:57:24.0000',378,48,3),(897,'2020-03-13 22:29:40.0000',608,108,7),(898,'2020-07-03 16:28:54.0000',803,46,9),(899,'2020-03-22 02:26:47.0000',241,92,6),(900,'2020-08-08 22:39:37.0000',309,52,7),(901,'2021-03-29 14:07:15.0000',666,45,4),(902,'2021-07-18 14:33:58.0000',548,24,4),(903,'2022-05-22 21:02:49.0000',430,148,3),(904,'2021-11-14 08:28:33.0000',800,13,1),(905,'2020-02-13 00:24:29.0000',176,130,2),(906,'2021-01-22 19:15:22.0000',893,244,6),(907,'2021-09-19 09:06:07.0000',579,122,2),(908,'2020-06-11 08:51:06.0000',898,73,3),(909,'2021-03-28 19:20:36.0000',21,47,3),(910,'2021-08-14 05:49:57.0000',181,48,2),(911,'2021-11-10 21:43:52.0000',711,68,5),(912,'2021-05-02 20:31:26.0000',767,106,4),(913,'2022-04-10 04:46:15.0000',799,47,3),(914,'2021-05-25 17:09:58.0000',352,235,2),(915,'2021-05-27 03:59:59.0000',218,149,4),(916,'2020-11-08 09:33:17.0000',172,93,10),(917,'2020-01-15 15:36:39.0000',299,225,4),(918,'2020-04-02 12:49:30.0000',531,227,9),(919,'2021-08-21 03:59:10.0000',961,205,2),(920,'2022-03-30 00:05:00.0000',523,67,2),(921,'2021-11-14 22:53:40.0000',581,141,9),(922,'2020-01-22 09:48:01.0000',705,116,2),(923,'2020-09-30 22:53:52.0000',519,113,2),(924,'2021-04-02 23:02:34.0000',460,241,4),(926,'2021-10-06 20:33:59.0000',802,177,9),(927,'2020-11-23 19:59:44.0000',526,172,6),(930,'2021-01-19 23:32:46.0000',329,193,10),(931,'2022-04-23 00:53:07.0000',64,16,6),(932,'2021-11-01 00:32:52.0000',791,87,8),(933,'2020-06-12 20:58:01.0000',391,227,6),(934,'2022-01-22 21:08:58.0000',345,71,8),(935,'2020-12-29 12:24:07.0000',319,97,10),(936,'2022-04-21 16:29:30.0000',370,66,9),(937,'2020-09-25 07:12:15.0000',329,31,10),(938,'2020-11-19 22:00:20.0000',51,191,4),(939,'2021-01-12 15:33:35.0000',75,217,4),(940,'2022-04-11 03:20:11.0000',99,230,3),(941,'2022-06-09 07:19:07.0000',280,116,4),(942,'2020-08-06 09:35:17.0000',145,24,10),(943,'2021-06-16 18:06:38.0000',975,270,8),(944,'2021-08-28 08:54:36.0000',881,16,7),(945,'2021-01-09 08:05:13.0000',6,234,9),(946,'2021-09-28 08:55:20.0000',94,149,3),(947,'2021-10-13 19:30:11.0000',12,249,4),(948,'2022-01-17 04:10:26.0000',584,170,2),(949,'2020-03-08 10:48:53.0000',152,30,2),(950,'2020-10-15 21:33:48.0000',616,102,2),(951,'2021-07-12 16:00:33.0000',604,144,4),(952,'2021-12-12 03:21:53.0000',181,134,9),(953,'2021-02-20 00:36:35.0000',195,237,3),(954,'2022-01-02 10:49:30.0000',816,53,8),(955,'2022-06-11 02:16:52.0000',967,285,5),(956,'2020-05-17 18:44:37.0000',806,168,6),(957,'2020-06-12 05:47:56.0000',827,257,3),(958,'2022-02-12 13:51:40.0000',733,151,2),(959,'2020-11-18 16:51:53.0000',936,114,2),(960,'2020-04-26 13:56:54.0000',213,263,10),(961,'2021-02-18 18:29:30.0000',432,245,8),(962,'2021-07-08 20:13:05.0000',475,101,2),(963,'2020-11-24 18:12:00.0000',884,12,1),(964,'2022-03-18 19:14:25.0000',432,171,1),(965,'2020-05-28 09:41:37.0000',97,2,3),(966,'2020-06-23 11:10:28.0000',644,120,3),(967,'2020-04-01 22:30:37.0000',749,236,4),(968,'2020-06-17 06:11:59.0000',658,183,4),(969,'2020-05-21 20:51:32.0000',61,120,5),(970,'2020-10-17 06:28:20.0000',922,10,9),(971,'2020-03-22 06:31:43.0000',961,208,9),(972,'2021-01-14 09:43:08.0000',425,149,3),(973,'2021-09-19 23:54:29.0000',619,109,5),(974,'2020-08-30 15:03:44.0000',764,117,10),(975,'2021-10-23 13:22:26.0000',925,15,6),(976,'2021-03-07 04:56:49.0000',590,171,4),(977,'2022-04-17 17:16:13.0000',82,6,6),(978,'2020-01-17 02:14:17.0000',372,140,7),(979,'2021-10-26 05:43:36.0000',965,149,5),(980,'2020-06-30 16:45:22.0000',185,163,2),(982,'2021-07-12 10:57:41.0000',418,71,8),(983,'2022-05-27 09:05:47.0000',97,21,1),(984,'2021-05-04 15:28:28.0000',241,225,1),(985,'2020-03-04 07:04:52.0000',312,111,8),(986,'2022-03-15 19:10:26.0000',603,48,3),(987,'2021-06-24 04:54:53.0000',481,265,9),(988,'2021-07-25 12:48:09.0000',98,26,1),(989,'2020-12-01 03:02:17.0000',104,136,3),(990,'2020-01-09 17:54:29.0000',578,166,5),(991,'2021-07-09 06:51:48.0000',247,154,5),(992,'2020-03-31 05:06:29.0000',491,255,5),(993,'2022-02-22 01:53:44.0000',813,115,8),(994,'2020-07-06 17:51:15.0000',451,59,2),(995,'2022-05-25 07:09:05.0000',705,105,8),(996,'2022-02-24 15:15:28.0000',519,131,2),(997,'2021-02-01 04:53:41.0000',1,172,2),(998,'2022-05-15 03:22:27.0000',1000,268,9),(999,'2021-03-22 23:12:01.0000',438,216,2);
/*!40000 ALTER TABLE `bookings` ENABLE KEYS */;
UNLOCK TABLES;--
-- Table structure for table `city`
--

DROP TABLE IF EXISTS `city`;
/*!40101 SET @saved_cs_client     = @@character_set_client */;
/*!50503 SET character_set_client = utf8mb4 */;
CREATE TABLE `city` (
  `city_id` int(11) NOT NULL,
  `name` varchar(45) DEFAULT NULL,
  PRIMARY KEY (`city_id`),
  UNIQUE KEY `idCity_UNIQUE` (`city_id`)
) ENGINE=InnoDB DEFAULT CHARSET=utf8;
/*!40101 SET character_set_client = @saved_cs_client */;

--
-- Temporary view structure for view `diff_ticket_prices`
--

DROP TABLE IF EXISTS `diff_ticket_prices`;
/*!50001 DROP VIEW IF EXISTS `diff_ticket_prices`*/;
SET @saved_cs_client     = @@character_set_client;
/*!50503 SET character_set_client = utf8mb4 */;
/*!50001 CREATE VIEW `diff_ticket_prices` AS SELECT 
 1 AS `COUNT(ss.screen_id)`,
 1 AS `MAX(ss.ticket_price)`*/;
SET character_set_client = @saved_cs_client;

--
-- Temporary view structure for view `drama_good_ratings_movies`
--

DROP TABLE IF EXISTS `drama_good_ratings_movies`;
/*!50001 DROP VIEW IF EXISTS `drama_good_ratings_movies`*/;
SET @saved_cs_client     = @@character_set_client;
/*!50503 SET character_set_client = utf8mb4 */;
/*!50001 CREATE VIEW `drama_good_ratings_movies` AS SELECT 
 1 AS `name`,
 1 AS `released_year`,
 1 AS `rating`,
 1 AS `genre`*/;
SET character_set_client = @saved_cs_client;

--
-- Table structure for table `genre`
--

DROP TABLE IF EXISTS `genre`;
/*!40101 SET @saved_cs_client     = @@character_set_client */;
/*!50503 SET character_set_client = utf8mb4 */;
CREATE TABLE `genre` (
  `genre_id` int(11) NOT NULL,
  `genre` varchar(50) DEFAULT NULL,
  PRIMARY KEY (`genre_id`)
) ENGINE=InnoDB DEFAULT CHARSET=utf8;
/*!40101 SET character_set_client = @saved_cs_client */;

--
-- Temporary view structure for view `highest_positive_tweet_movie`
--

DROP TABLE IF EXISTS `highest_positive_tweet_movie`;
/*!50001 DROP VIEW IF EXISTS `highest_positive_tweet_movie`*/;
SET @saved_cs_client     = @@character_set_client;
/*!50503 SET character_set_client = utf8mb4 */;
/*!50001 CREATE VIEW `highest_positive_tweet_movie` AS SELECT 
 1 AS `name`*/;
SET character_set_client = @saved_cs_client;

--
-- Temporary view structure for view `highest_rating_genre`
--

DROP TABLE IF EXISTS `highest_rating_genre`;
/*!50001 DROP VIEW IF EXISTS `highest_rating_genre`*/;
SET @saved_cs_client     = @@character_set_client;
/*!50503 SET character_set_client = utf8mb4 */;
/*!50001 CREATE VIEW `highest_rating_genre` AS SELECT 
 1 AS `genre`,
 1 AS `genre_id`,
 1 AS `MAX(m.rating)`*/;
SET character_set_client = @saved_cs_client;

--
-- Temporary view structure for view `highest_retweets_movie`
--

DROP TABLE IF EXISTS `highest_retweets_movie`;
/*!50001 DROP VIEW IF EXISTS `highest_retweets_movie`*/;
SET @saved_cs_client     = @@character_set_client;
/*!50503 SET character_set_client = utf8mb4 */;
/*!50001 CREATE VIEW `highest_retweets_movie` AS SELECT 
 1 AS `name`*/;
SET character_set_client = @saved_cs_client;

--
-- Temporary view structure for view `least_sales_theaters`
--

DROP TABLE IF EXISTS `least_sales_theaters`;
/*!50001 DROP VIEW IF EXISTS `least_sales_theaters`*/;
SET @saved_cs_client     = @@character_set_client;
/*!50503 SET character_set_client = utf8mb4 */;
/*!50001 CREATE VIEW `least_sales_theaters` AS SELECT 
 1 AS `name`,
 1 AS `total`*/;
SET character_set_client = @saved_cs_client;

--
-- Temporary view structure for view `least_tweets_movie`
--

DROP TABLE IF EXISTS `least_tweets_movie`;
/*!50001 DROP VIEW IF EXISTS `least_tweets_movie`*/;
SET @saved_cs_client     = @@character_set_client;
/*!50503 SET character_set_client = utf8mb4 */;
/*!50001 CREATE VIEW `least_tweets_movie` AS SELECT 
 1 AS `name`,
 1 AS `count`*/;
SET character_set_client = @saved_cs_client;

--
-- Temporary view structure for view `maximum_bookings`
--

DROP TABLE IF EXISTS `maximum_bookings`;
/*!50001 DROP VIEW IF EXISTS `maximum_bookings`*/;
SET @saved_cs_client     = @@character_set_client;
/*!50503 SET character_set_client = utf8mb4 */;
/*!50001 CREATE VIEW `maximum_bookings` AS SELECT 
 1 AS `name`,
 1 AS `user_id`,
 1 AS `total`*/;
SET character_set_client = @saved_cs_client;

--
-- Temporary view structure for view `min_runtime`
--

DROP TABLE IF EXISTS `min_runtime`;
/*!50001 DROP VIEW IF EXISTS `min_runtime`*/;
SET @saved_cs_client     = @@character_set_client;
/*!50503 SET character_set_client = utf8mb4 */;
/*!50001 CREATE VIEW `min_runtime` AS SELECT 
 1 AS `NAME`*/;
SET character_set_client = @saved_cs_client;

--
-- Temporary view structure for view `most_booked_date`
--

DROP TABLE IF EXISTS `most_booked_date`;
/*!50001 DROP VIEW IF EXISTS `most_booked_date`*/;
SET @saved_cs_client     = @@character_set_client;
/*!50503 SET character_set_client = utf8mb4 */;
/*!50001 CREATE VIEW `most_booked_date` AS SELECT 
 1 AS `created_at`,
 1 AS `tickets_booked`*/;
SET character_set_client = @saved_cs_client;

--
-- Temporary view structure for view `most_hit_by_priyanka`
--

DROP TABLE IF EXISTS `most_hit_by_priyanka`;
/*!50001 DROP VIEW IF EXISTS `most_hit_by_priyanka`*/;
SET @saved_cs_client     = @@character_set_client;
/*!50503 SET character_set_client = utf8mb4 */;
/*!50001 CREATE VIEW `most_hit_by_priyanka` AS SELECT 
 1 AS `name`,
 1 AS `released_year`,
 1 AS `rating`*/;
SET character_set_client = @saved_cs_client;

--
-- Temporary view structure for view `most_mentions`
--

DROP TABLE IF EXISTS `most_mentions`;
/*!50001 DROP VIEW IF EXISTS `most_mentions`*/;
SET @saved_cs_client     = @@character_set_client;
/*!50503 SET character_set_client = utf8mb4 */;
/*!50001 CREATE VIEW `most_mentions` AS SELECT 
 1 AS `name`,
 1 AS `all_mentions`*/;
SET character_set_client = @saved_cs_client;

--
-- Temporary view structure for view `most_negative_reviews`
--

DROP TABLE IF EXISTS `most_negative_reviews`;
/*!50001 DROP VIEW IF EXISTS `most_negative_reviews`*/;
SET @saved_cs_client     = @@character_set_client;
/*!50503 SET character_set_client = utf8mb4 */;
/*!50001 CREATE VIEW `most_negative_reviews` AS SELECT 
 1 AS `name`,
 1 AS `sentiment`*/;
SET character_set_client = @saved_cs_client;

--
-- Temporary view structure for view `most_tweet_tags_movie`
--

DROP TABLE IF EXISTS `most_tweet_tags_movie`;
/*!50001 DROP VIEW IF EXISTS `most_tweet_tags_movie`*/;
SET @saved_cs_client     = @@character_set_client;
/*!50503 SET character_set_client = utf8mb4 */;
/*!50001 CREATE VIEW `most_tweet_tags_movie` AS SELECT 
 1 AS `name`,
 1 AS `COUNT(tt.tag)`*/;
SET character_set_client = @saved_cs_client;

--
-- Temporary view structure for view `most_tweets`
--

DROP TABLE IF EXISTS `most_tweets`;
/*!50001 DROP VIEW IF EXISTS `most_tweets`*/;
SET @saved_cs_client     = @@character_set_client;
/*!50503 SET character_set_client = utf8mb4 */;
/*!50001 CREATE VIEW `most_tweets` AS SELECT 
 1 AS `name`,
 1 AS `tweet_count`*/;
SET character_set_client = @saved_cs_client;

--
-- Table structure for table `movie`
--

DROP TABLE IF EXISTS `movie`;
/*!40101 SET @saved_cs_client     = @@character_set_client */;
/*!50503 SET character_set_client = utf8mb4 */;
CREATE TABLE `movie` (
  `movie_id` int(11) NOT NULL,
  `name` varchar(200) NOT NULL,
  `released_year` int(11) DEFAULT NULL,
  `runtime` int(11) DEFAULT NULL,
  `rating` double DEFAULT NULL,
  `created_at` timestamp(4) NULL DEFAULT NULL,
  `updated_at` timestamp(4) NULL DEFAULT NULL,
  PRIMARY KEY (`movie_id`)
) ENGINE=InnoDB DEFAULT CHARSET=utf8;
/*!40101 SET character_set_client = @saved_cs_client */;

--
-- Temporary view structure for view `movie_actors`
--

DROP TABLE IF EXISTS `movie_actors`;
/*!50001 DROP VIEW IF EXISTS `movie_actors`*/;
SET @saved_cs_client     = @@character_set_client;
/*!50503 SET character_set_client = utf8mb4 */;
/*!50001 CREATE VIEW `movie_actors` AS SELECT 
 1 AS `actor`,
 1 AS `name`,
 1 AS `released_year`*/;
SET character_set_client = @saved_cs_client;

--
-- Table structure for table `movie_genre`
--

DROP TABLE IF EXISTS `movie_genre`;
/*!40101 SET @saved_cs_client     = @@character_set_client */;
/*!50503 SET character_set_client = utf8mb4 */;
CREATE TABLE `movie_genre` (
  `movie_id` int(11) NOT NULL,
  `genre_id` int(11) NOT NULL,
  PRIMARY KEY (`movie_id`,`genre_id`),
  KEY `genre_id_fk_idx` (`genre_id`),
  CONSTRAINT `genre_id_fk` FOREIGN KEY (`genre_id`) REFERENCES `genre` (`genre_id`),
  CONSTRAINT `movie_id_fk` FOREIGN KEY (`movie_id`) REFERENCES `movie` (`movie_id`)
) ENGINE=InnoDB DEFAULT CHARSET=utf8;
/*!40101 SET character_set_client = @saved_cs_client */;

--
-- Temporary view structure for view `movie_max_bookings`
--

DROP TABLE IF EXISTS `movie_max_bookings`;
/*!50001 DROP VIEW IF EXISTS `movie_max_bookings`*/;
SET @saved_cs_client     = @@character_set_client;
/*!50503 SET character_set_client = utf8mb4 */;
/*!50001 CREATE VIEW `movie_max_bookings` AS SELECT 
 1 AS `name`,
 1 AS `released_year`,
 1 AS `total`*/;
SET character_set_client = @saved_cs_client;

--
-- Temporary view structure for view `movie_max_screens`
--

DROP TABLE IF EXISTS `movie_max_screens`;
/*!50001 DROP VIEW IF EXISTS `movie_max_screens`*/;
SET @saved_cs_client     = @@character_set_client;
/*!50503 SET character_set_client = utf8mb4 */;
/*!50001 CREATE VIEW `movie_max_screens` AS SELECT 
 1 AS `name`,
 1 AS `released_year`,
 1 AS `totalScreens`*/;
SET character_set_client = @saved_cs_client;

--
-- Table structure for table `movie_stars`
--

DROP TABLE IF EXISTS `movie_stars`;
/*!40101 SET @saved_cs_client     = @@character_set_client */;
/*!50503 SET character_set_client = utf8mb4 */;
CREATE TABLE `movie_stars` (
  `movie_id` int(11) NOT NULL,
  `star_id` int(11) NOT NULL,
  PRIMARY KEY (`movie_id`,`star_id`),
  KEY `star_id_idx` (`star_id`),
  CONSTRAINT `movie_id_ms` FOREIGN KEY (`movie_id`) REFERENCES `movie` (`movie_id`),
  CONSTRAINT `star_id` FOREIGN KEY (`star_id`) REFERENCES `stars` (`star_id`)
) ENGINE=InnoDB DEFAULT CHARSET=utf8;
/*!40101 SET character_set_client = @saved_cs_client */;

--
-- Table structure for table `screen_shows`
--

DROP TABLE IF EXISTS `screen_shows`;
/*!40101 SET @saved_cs_client     = @@character_set_client */;
/*!50503 SET character_set_client = utf8mb4 */;
CREATE TABLE `screen_shows` (
  `id` int(11) NOT NULL AUTO_INCREMENT,
  `screen_id` int(11) DEFAULT NULL,
  `movie_id` int(11) DEFAULT NULL,
  `show_timing_id` int(11) DEFAULT NULL,
  `ticket_price` int(11) DEFAULT NULL,
  PRIMARY KEY (`id`),
  KEY `movie_id_ss_idx` (`movie_id`),
  KEY `show_time_fk_idx` (`show_timing_id`),
  KEY `screen_id_ss` (`screen_id`),
  CONSTRAINT `movie_id_ss` FOREIGN KEY (`movie_id`) REFERENCES `movie` (`movie_id`),
  CONSTRAINT `screen_id_ss` FOREIGN KEY (`screen_id`) REFERENCES `screens` (`screen_id`),
  CONSTRAINT `show_id_ss` FOREIGN KEY (`show_timing_id`) REFERENCES `show_timings` (`show_timing_id`)
) ENGINE=InnoDB AUTO_INCREMENT=286 DEFAULT CHARSET=utf8;
/*!40101 SET character_set_client = @saved_cs_client */;

LOCK TABLES `screen_shows` WRITE;
/*!40000 ALTER TABLE `screen_shows` DISABLE KEYS */;
INSERT INTO `screen_shows` VALUES (1,7,53,28,100),(2,78,10,31,150),(3,166,54,28,130),(4,183,39,14,140),(5,228,40,22,200),(6,461,63,61,170),(7,681,10,28,170),(8,692,59,15,150),(9,744,28,51,100),(10,800,49,10,130),(11,803,5,4,100),(12,1125,11,56,130),(13,1158,46,12,170),(14,603,3,6,200),(15,28,7,53,100),(16,323,10,8,150),(17,806,14,16,150),(18,210,21,13,140),(19,699,27,59,170),(20,910,29,16,150),(21,31,78,10,150),(22,153,82,56,100),(23,1138,83,53,170),(24,137,91,52,100),(25,115,97,46,130),(26,161,101,22,170),(27,623,125,47,100),(28,815,128,20,140),(29,806,138,59,200),(30,1121,142,55,200),(31,181,148,41,200),(33,739,151,36,150),(34,986,156,14,130),(35,1140,158,17,140),(36,962,162,21,170),(38,526,168,1,170),(39,302,175,14,130),(40,14,183,39,140),(41,504,184,55,150),(42,980,185,60,200),(43,101,189,19,150),(44,981,190,40,100),(45,498,195,21,140),(46,820,203,57,200),(47,1178,204,41,100),(48,733,205,61,140),(49,754,210,15,130),(51,939,220,50,140),(52,793,222,55,170),(53,22,228,40,200),(54,1178,229,18,130),(55,356,238,31,140),(56,447,257,60,100),(59,1070,292,38,140),(60,872,293,42,200),(61,385,295,2,150),(62,1017,299,29,140),(63,1100,305,1,100),(64,1125,323,64,170),(65,455,331,8,140),(66,226,335,54,200),(67,1088,337,56,130),(68,883,343,55,170),(69,1019,348,29,150),(70,829,354,36,100),(71,292,358,14,150),(72,255,379,42,200),(73,1016,391,56,130),(74,551,400,63,100),(75,1128,401,43,200),(76,1082,421,36,100),(77,665,430,21,150),(78,636,445,10,140),(79,338,449,34,140),(80,61,461,63,170),(81,1014,468,55,100),(82,267,482,7,140),(83,1161,486,43,200),(84,355,492,56,170),(85,728,496,40,100),(86,294,500,24,200),(87,357,502,25,150),(88,1016,508,38,170),(89,80,522,29,100),(90,1051,529,22,100),(91,195,536,18,170),(92,1161,538,43,100),(93,397,547,28,170),(94,178,550,43,150),(95,787,563,17,150),(96,1096,564,2,150),(97,241,568,44,140),(98,970,574,49,150),(99,941,579,1,150),(101,648,592,47,130),(102,1095,605,28,140),(103,453,607,52,170),(104,379,610,62,140),(105,633,615,7,170),(106,709,618,8,150),(107,551,622,13,130),(108,1092,624,10,170),(109,1124,634,53,130),(110,392,655,50,100),(111,602,658,63,140),(112,640,665,20,150),(113,962,672,40,140),(114,886,675,41,140),(115,28,681,10,170),(116,763,685,53,140),(117,114,687,57,100),(118,166,690,48,100),(119,15,692,59,150),(120,423,700,39,140),(121,154,706,3,130),(122,776,707,53,130),(123,913,711,37,200),(124,845,713,25,140),(125,371,717,58,130),(126,262,718,22,130),(127,152,734,4,200),(128,645,737,2,100),(129,1119,738,20,150),(130,462,741,10,200),(131,51,744,28,100),(132,515,747,11,130),(133,121,752,3,170),(134,150,756,52,140),(135,741,760,33,200),(136,698,763,31,100),(137,881,775,34,100),(138,341,786,1,200),(139,990,792,23,170),(140,902,797,64,200),(141,1130,799,39,100),(142,10,800,49,130),(143,4,803,5,100),(144,729,804,41,130),(146,68,851,18,140),(147,177,869,35,140),(148,840,871,9,170),(149,226,876,4,100),(150,378,895,27,170),(151,604,897,28,130),(152,506,905,60,200),(153,294,907,49,100),(154,1056,909,65,130),(155,936,915,30,170),(156,761,918,5,170),(157,642,919,58,200),(158,1123,929,54,100),(159,907,930,47,170),(160,148,933,48,170),(161,82,935,25,130),(162,1068,949,46,170),(163,437,953,35,200),(164,837,955,36,130),(165,327,956,37,200),(166,236,959,13,170),(168,882,993,42,130),(169,394,996,7,130),(170,1134,1000,59,130),(171,228,1004,56,130),(172,313,1006,50,170),(173,332,1007,1,100),(174,549,1013,20,200),(175,807,1024,10,130),(176,410,1032,39,100),(177,101,1044,11,200),(178,1075,1052,9,150),(179,666,1063,4,200),(180,905,1067,25,130),(181,1175,1069,42,140),(182,699,1073,2,140),(183,807,1081,55,170),(184,225,1084,51,150),(185,568,1090,17,200),(186,554,1092,40,170),(188,575,1095,30,170),(189,1176,1097,62,200),(191,800,1102,12,140),(192,775,1108,25,100),(193,279,1109,9,100),(194,400,1117,11,140),(195,654,1124,29,170),(196,56,1125,11,130),(197,351,1127,47,130),(198,851,1131,16,150),(199,806,1132,31,100),(200,428,1133,40,150),(201,602,1134,6,150),(202,616,1139,55,150),(204,68,1142,45,150),(205,769,1145,22,200),(206,891,1146,10,150),(207,267,1153,47,150),(208,12,1158,46,170),(209,1098,1166,7,200),(210,282,1174,24,130),(211,126,1177,19,200),(212,603,1181,2,100),(213,282,1183,28,170),(214,949,1184,61,100),(215,124,1205,36,140),(216,779,1212,17,140),(217,1077,1217,18,200),(218,763,1218,52,150),(219,193,1225,35,130),(220,403,1227,5,150),(221,386,1232,49,200),(222,711,1240,11,200),(223,941,1242,62,200),(224,361,1243,63,200),(225,339,1257,44,150),(226,89,1273,15,140),(227,991,1279,6,150),(228,1024,1285,55,200),(229,172,1286,38,130),(230,147,1299,50,130),(231,790,1307,26,100),(232,556,1313,48,140),(233,789,1319,15,200),(234,698,1322,25,130),(235,1127,1323,10,150),(236,367,1325,26,100),(237,568,1330,57,100),(238,407,1333,40,200),(239,495,1367,23,170),(240,412,1373,65,130),(241,902,1374,48,100),(242,336,1377,27,170),(243,819,1387,9,150),(244,456,1388,38,150),(245,604,1390,63,170),(246,1107,1392,40,170),(248,1116,1406,65,140),(249,1126,1410,22,140),(250,447,1413,58,130),(251,30,1422,50,140),(252,605,1429,56,140),(253,164,1456,18,150),(254,1170,1470,51,130),(255,343,1474,25,100),(256,34,1483,15,200),(257,68,1484,3,200),(258,558,1486,17,150),(259,909,1487,47,140),(260,920,1489,22,130),(261,263,1491,5,170),(262,729,1496,43,170),(263,165,1498,13,200),(264,513,1501,65,100),(265,535,1502,10,150),(266,125,1507,18,150),(267,741,1509,42,100),(268,284,1510,27,140),(269,661,1517,30,140),(270,569,1524,3,130),(271,181,1530,39,100),(272,915,1531,17,100),(273,247,1539,34,150),(274,957,1548,31,130),(275,622,1550,32,200),(276,273,1563,52,200),(277,483,1564,34,130),(278,776,1571,12,170),(279,176,1583,19,170),(280,990,1588,5,140),(281,151,1593,51,150),(282,257,1597,10,100),(283,163,1598,16,140),(284,417,1633,34,170),(285,792,1643,50,130);
/*!40000 ALTER TABLE `screen_shows` ENABLE KEYS */;
UNLOCK TABLES;
--
-- Table structure for table `screens`
--

DROP TABLE IF EXISTS `screens`;
/*!40101 SET @saved_cs_client     = @@character_set_client */;
/*!50503 SET character_set_client = utf8mb4 */;
CREATE TABLE `screens` (
  `screen_id` int(11) NOT NULL,
  `capacity` int(11) DEFAULT NULL,
  `theater_id` int(11) DEFAULT NULL,
  PRIMARY KEY (`screen_id`),
  UNIQUE KEY `idScreens_UNIQUE` (`screen_id`),
  KEY `theater_id_sc_idx` (`theater_id`),
  CONSTRAINT `theater_id_sc` FOREIGN KEY (`theater_id`) REFERENCES `theaters` (`theater_id`)
) ENGINE=InnoDB DEFAULT CHARSET=utf8;
/*!40101 SET character_set_client = @saved_cs_client */;

LOCK TABLES `screens` WRITE;
/*!40000 ALTER TABLE `screens` DISABLE KEYS */;
INSERT INTO `screens` VALUES (1,452,1),(2,303,2),(3,175,2),(4,333,4),(5,245,4),(6,372,5),(7,154,5),(8,272,6),(9,433,6),(10,358,6),(11,475,7),(12,484,7),(13,406,8),(14,234,8),(15,157,9),(16,116,9),(17,384,9),(18,475,11),(19,305,12),(20,408,12),(21,382,13),(22,427,13),(23,315,13),(24,197,13),(25,239,14),(26,381,14),(27,104,14),(28,222,16),(29,281,16),(30,461,17),(31,267,17),(32,198,17),(33,301,17),(34,343,18),(35,437,18),(36,441,18),(37,238,19),(38,152,20),(39,278,22),(40,167,22),(41,481,22),(42,279,23),(43,404,23),(44,406,24),(45,278,24),(46,368,24),(47,467,24),(48,414,26),(49,166,26),(50,218,27),(51,454,27),(52,421,28),(53,376,28),(54,428,29),(55,497,29),(56,105,30),(57,248,30),(58,435,30),(59,330,31),(60,487,31),(61,123,32),(62,359,34),(63,105,34),(64,149,34),(65,386,34),(66,465,35),(67,435,35),(68,103,36),(69,304,36),(70,470,36),(71,100,36),(72,266,36),(73,397,37),(74,122,37),(75,180,37),(76,422,37),(77,241,37),(78,298,37),(79,313,37),(80,126,37),(81,265,38),(82,458,39),(83,238,41),(84,238,41),(85,390,42),(86,305,42),(87,449,43),(88,222,44),(89,166,44),(90,169,44),(91,487,45),(92,279,45),(93,149,46),(94,373,47),(95,195,47),(96,308,47),(97,206,48),(98,167,48),(99,102,49),(100,300,50),(101,445,51),(102,438,51),(103,418,51),(104,361,52),(105,178,52),(106,151,52),(107,393,53),(108,351,53),(109,236,53),(110,453,54),(111,251,54),(112,419,54),(113,214,55),(114,498,55),(115,272,56),(116,373,56),(117,174,56),(118,164,56),(119,382,57),(120,182,58),(121,486,58),(122,445,59),(123,246,59),(124,305,59),(125,224,60),(126,283,60),(127,196,60),(128,330,61),(129,108,61),(130,310,61),(131,265,61),(132,118,62),(133,115,62),(134,259,63),(135,153,63),(136,198,64),(137,161,66),(138,135,67),(139,143,67),(140,341,68),(141,439,70),(142,262,70),(143,376,70),(144,386,70),(145,320,70),(146,213,71),(147,461,71),(148,203,72),(149,272,72),(150,243,72),(151,279,73),(152,195,73),(153,423,73),(154,225,74),(155,350,74),(156,257,75),(157,409,75),(158,173,76),(159,305,77),(160,399,77),(161,234,78),(162,265,78),(163,154,78),(164,153,78),(165,388,78),(166,381,79),(167,468,79),(168,275,80),(169,396,81),(170,202,81),(171,148,81),(172,117,82),(173,407,82),(174,185,83),(175,241,86),(176,439,86),(177,102,86),(178,211,86),(179,328,87),(180,146,87),(181,474,87),(182,463,87),(183,498,88),(184,372,88),(185,145,89),(186,473,89),(187,169,89),(188,367,89),(189,452,90),(190,180,92),(191,342,92),(192,176,93),(193,289,93),(194,447,94),(195,314,95),(196,325,96),(197,128,96),(198,394,97),(199,489,97),(200,128,97),(201,279,98),(202,187,98),(203,418,98),(204,213,99),(205,442,99),(206,402,99),(207,481,100),(208,102,100),(209,481,101),(210,273,101),(211,322,101),(212,377,103),(213,431,103),(214,198,103),(215,303,103),(216,499,103),(217,160,104),(218,393,104),(219,399,104),(220,485,104),(221,242,105),(222,485,105),(223,355,106),(224,227,106),(225,390,108),(226,284,109),(227,145,109),(228,212,109),(229,483,110),(230,371,110),(231,396,110),(232,265,111),(233,393,111),(234,303,112),(235,342,112),(236,387,113),(237,256,113),(238,409,114),(239,496,114),(240,250,114),(241,307,115),(242,410,115),(243,194,116),(244,464,116),(245,229,116),(246,130,116),(247,321,116),(248,385,117),(249,239,118),(250,310,118),(251,357,118),(252,461,119),(253,285,119),(254,219,119),(255,106,120),(256,111,121),(257,394,122),(258,106,123),(259,391,123),(260,281,123),(261,413,125),(262,333,125),(263,386,126),(264,309,127),(265,377,127),(266,253,128),(267,484,128),(268,428,128),(269,297,129),(270,448,129),(271,491,130),(272,142,131),(273,193,131),(274,365,131),(275,127,132),(276,235,132),(277,459,132),(278,388,132),(279,123,132),(280,394,134),(281,143,134),(282,369,134),(283,498,135),(284,159,135),(285,354,136),(286,466,136),(287,429,137),(288,481,137),(289,231,137),(290,479,138),(291,153,139),(292,240,140),(293,375,140),(294,422,142),(295,292,142),(296,230,142),(297,210,143),(298,137,143),(299,405,143),(300,474,143),(301,216,144),(302,402,144),(303,189,145),(304,338,146),(305,103,146),(306,485,146),(307,465,147),(308,331,147),(309,302,148),(310,496,148),(311,477,148),(312,349,148),(313,387,149),(314,315,150),(315,168,151),(316,272,151),(317,480,152),(318,347,152),(319,347,154),(320,414,154),(321,383,155),(322,484,156),(323,134,157),(324,176,157),(325,297,158),(326,205,158),(327,310,159),(328,193,161),(329,277,161),(330,143,161),(331,350,162),(332,144,162),(333,135,162),(334,183,162),(335,137,163),(336,107,163),(337,208,163),(338,472,164),(339,230,164),(340,415,164),(341,262,165),(342,391,166),(343,299,167),(344,237,167),(345,105,168),(346,300,169),(347,140,169),(348,102,169),(349,464,171),(350,219,171),(351,185,171),(352,231,172),(353,431,172),(354,233,172),(355,137,173),(356,131,173),(357,234,174),(358,180,174),(359,341,174),(360,302,174),(361,465,175),(362,173,175),(363,262,175),(364,477,176),(365,202,177),(366,223,177),(367,468,178),(368,152,178),(369,458,179),(370,430,179),(371,113,179),(372,412,179),(373,268,180),(374,261,180),(375,492,180),(376,114,181),(377,166,182),(378,332,182),(379,467,182),(380,370,182),(381,138,183),(382,298,183),(383,488,183),(384,409,184),(385,104,184),(386,485,184),(387,239,187),(388,491,187),(389,460,189),(390,248,189),(391,313,191),(392,240,191),(393,338,192),(394,268,192),(395,280,193),(396,259,193),(397,271,193),(398,402,194),(399,377,195),(400,205,195),(401,275,196),(402,440,198),(403,427,198),(404,330,198),(405,420,200),(406,135,200),(407,306,200),(408,163,201),(409,187,202),(410,299,202),(411,359,204),(412,375,204),(413,288,204),(414,258,205),(415,285,205),(416,197,206),(417,202,206),(418,363,206),(419,353,207),(420,463,207),(421,313,208),(422,481,209),(423,279,210),(424,314,210),(425,347,213),(426,248,214),(427,265,214),(428,218,215),(429,118,215),(430,350,217),(431,245,217),(432,220,218),(433,237,218),(434,231,219),(435,416,219),(436,475,220),(437,409,221),(438,254,222),(439,155,222),(440,259,222),(441,500,222),(442,459,222),(443,325,223),(444,372,224),(445,475,225),(446,151,226),(447,253,226),(448,126,227),(449,247,227),(450,487,228),(451,117,228),(452,117,228),(453,289,228),(454,292,229),(455,103,229),(456,311,229),(457,426,230),(458,350,231),(459,285,233),(460,424,234),(461,309,235),(462,186,235),(463,170,235),(464,200,236),(465,399,236),(466,413,237),(467,368,237),(468,200,238),(469,384,238),(470,171,238),(471,407,238),(472,291,239),(473,438,239),(474,487,239),(475,255,239),(476,494,240),(477,430,240),(478,198,241),(479,324,241),(480,141,242),(481,207,242),(482,117,242),(483,248,242),(484,376,242),(485,192,243),(486,343,243),(487,273,243),(488,109,244),(489,420,245),(490,147,245),(491,212,246),(492,473,246),(493,464,247),(494,233,247),(495,114,247),(496,160,247),(497,143,247),(498,487,247),(499,447,248),(500,241,248),(501,247,249),(502,136,249),(503,144,250),(504,444,250),(505,496,251),(506,423,251),(507,247,252),(508,307,252),(509,165,252),(510,440,254),(511,302,255),(512,200,255),(513,281,255),(514,163,256),(515,462,256),(516,316,257),(517,481,257),(518,137,258),(519,487,259),(520,480,259),(521,267,259),(522,264,260),(523,280,261),(524,182,262),(525,169,262),(526,497,263),(527,212,263),(528,205,263),(529,415,263),(530,301,264),(531,232,265),(532,296,265),(533,362,266),(534,118,266),(535,493,266),(536,326,267),(537,234,267),(538,406,267),(539,417,267),(540,338,268),(541,255,268),(542,104,268),(543,438,269),(544,149,269),(545,298,270),(546,186,270),(547,413,270),(548,469,271),(549,251,271),(550,466,271),(551,120,271),(552,494,271),(553,151,272),(554,191,272),(555,221,273),(556,449,273),(557,252,273),(558,246,274),(559,475,274),(560,273,275),(561,151,275),(562,434,276),(563,288,276),(564,433,277),(565,156,277),(566,101,278),(567,381,278),(568,477,279),(569,170,279),(570,323,280),(571,263,280),(572,259,281),(573,448,282),(574,336,283),(575,128,283),(576,445,284),(577,451,284),(578,356,284),(579,368,286),(580,245,286),(581,263,286),(582,219,287),(583,314,287),(584,419,288),(585,331,288),(586,490,290),(587,156,290),(588,471,291),(589,138,291),(590,317,291),(591,414,292),(592,286,292),(593,147,293),(594,409,293),(595,155,295),(596,174,295),(597,436,297),(598,309,298),(599,233,298),(600,498,298),(601,472,298),(602,256,298),(603,417,299),(604,174,299),(605,269,300),(606,246,300),(607,432,300),(608,407,302),(609,442,302),(610,142,303),(611,170,303),(612,190,304),(613,188,305),(614,156,305),(615,453,306),(616,283,306),(617,143,307),(618,302,308),(619,481,308),(620,374,308),(621,159,308),(622,240,309),(623,363,310),(624,203,310),(625,112,311),(626,188,311),(627,206,311),(628,457,311),(629,249,312),(630,101,312),(631,416,313),(632,373,314),(633,113,314),(634,362,316),(635,271,316),(636,461,316),(637,482,317),(638,283,317),(639,455,317),(640,369,318),(641,287,318),(642,424,318),(643,417,318),(644,259,319),(645,301,319),(646,115,321),(647,335,321),(648,344,321),(649,209,321),(650,264,322),(651,441,322),(652,441,323),(653,470,323),(654,286,323),(655,349,323),(656,107,323),(657,338,323),(658,234,324),(659,174,324),(660,358,324),(661,200,325),(662,306,325),(663,287,325),(664,409,326),(665,447,326),(666,280,327),(667,157,328),(668,185,328),(669,383,329),(670,109,329),(671,216,329),(672,410,329),(673,412,330),(674,266,330),(675,391,330),(676,392,330),(677,487,330),(678,495,330),(679,140,331),(680,386,331),(681,216,332),(682,486,332),(683,209,332),(684,392,332),(685,462,334),(686,127,334),(687,386,336),(688,147,336),(689,319,336),(690,253,337),(691,254,337),(692,155,337),(693,486,337),(694,442,338),(695,225,338),(696,178,339),(697,153,339),(698,189,340),(699,441,341),(700,225,342),(701,363,342),(702,227,343),(703,282,344),(704,170,344),(705,288,345),(706,500,345),(707,291,346),(708,490,347),(709,400,347),(710,404,347),(711,468,347),(712,249,347),(713,213,348),(714,181,348),(715,252,348),(716,346,349),(717,239,349),(718,334,350),(719,342,351),(720,200,351),(721,360,353),(722,409,353),(723,275,354),(724,454,354),(725,424,355),(726,109,355),(727,186,356),(728,431,356),(729,122,356),(730,435,357),(731,163,357),(732,322,358),(733,269,358),(734,225,359),(735,323,359),(736,316,360),(737,290,360),(738,107,361),(739,142,361),(740,170,362),(741,308,362),(742,303,363),(743,261,363),(744,221,365),(745,416,365),(746,216,365),(747,341,365),(748,301,365),(749,445,366),(750,296,366),(751,308,366),(752,384,366),(753,288,367),(754,103,367),(755,238,367),(756,442,368),(757,286,368),(758,376,368),(759,497,369),(760,200,370),(761,207,370),(762,331,371),(763,222,371),(764,139,372),(765,285,373),(766,114,373),(767,426,373),(768,120,374),(769,407,374),(770,316,374),(771,260,375),(772,122,375),(773,455,376),(774,486,377),(775,395,377),(776,328,377),(777,175,377),(778,119,378),(779,215,378),(780,179,378),(781,199,379),(782,338,379),(783,416,379),(784,333,380),(785,171,383),(786,455,383),(787,210,383),(788,176,385),(789,135,386),(790,489,386),(791,415,386),(792,277,386),(793,249,387),(794,403,388),(795,197,389),(796,103,389),(797,123,389),(798,475,390),(799,276,390),(800,217,390),(801,265,390),(802,313,391),(803,435,392),(804,446,392),(805,263,393),(806,146,394),(807,343,394),(808,325,394),(809,433,394),(810,281,395),(811,327,395),(812,174,395),(813,334,395),(814,310,396),(815,418,396),(816,155,397),(817,273,397),(818,346,397),(819,448,397),(820,356,397),(821,110,398),(822,429,398),(823,402,398),(824,122,398),(825,166,398),(826,321,399),(827,284,401),(828,424,401),(829,441,403),(830,250,403),(831,327,403),(832,459,403),(833,336,404),(834,447,405),(835,405,405),(836,321,406),(837,222,406),(838,345,406),(839,488,407),(840,307,407),(841,285,408),(842,240,408),(843,305,408),(844,365,408),(845,421,408),(846,219,410),(847,412,410),(848,392,411),(849,489,412),(850,286,413),(851,399,414),(852,370,416),(853,127,416),(854,384,417),(855,176,418),(856,173,418),(857,317,419),(858,491,420),(859,257,420),(860,139,421),(861,480,421),(862,430,422),(863,458,422),(864,236,422),(865,370,423),(866,312,423),(867,438,425),(868,233,425),(869,214,425),(870,334,426),(871,365,426),(872,377,427),(873,376,428),(874,241,429),(875,421,429),(876,359,429),(877,397,430),(878,176,431),(879,226,432),(880,318,433),(881,178,434),(882,185,434),(883,421,434),(884,367,435),(885,103,435),(886,387,435),(887,312,435),(888,414,436),(889,315,436),(890,108,436),(891,221,436),(892,363,436),(893,265,436),(894,123,437),(895,188,437),(896,371,438),(897,467,438),(898,294,438),(899,411,439),(900,464,439),(901,431,439),(902,461,439),(903,143,439),(904,124,440),(905,117,441),(906,275,441),(907,340,442),(908,350,444),(909,304,445),(910,184,445),(911,225,445),(912,375,445),(913,185,446),(914,300,446),(915,425,446),(916,420,447),(917,126,447),(918,162,447),(919,118,448),(920,253,448),(921,492,448),(922,176,448),(923,474,450),(924,171,450),(925,115,450),(926,253,450),(927,409,450),(928,215,451),(929,299,451),(930,168,451),(931,362,452),(932,159,452),(933,259,453),(934,191,453),(935,157,453),(936,217,453),(937,179,455),(938,418,455),(939,178,456),(940,117,457),(941,250,457),(942,123,457),(943,337,457),(944,500,457),(945,490,458),(946,494,458),(947,426,458),(948,459,458),(949,280,459),(950,479,459),(951,419,460),(952,499,460),(953,163,461),(954,349,461),(955,475,461),(956,117,463),(957,141,463),(958,128,464),(959,333,465),(960,330,465),(961,413,465),(962,313,466),(963,277,466),(964,470,467),(965,129,467),(966,111,469),(967,434,470),(968,247,470),(969,178,470),(970,252,471),(971,399,471),(972,342,472),(973,471,474),(974,351,474),(975,497,474),(976,286,474),(977,239,475),(978,326,475),(979,237,475),(980,264,475),(981,431,476),(982,189,476),(983,395,476),(984,445,477),(985,116,477),(986,463,478),(987,489,478),(988,371,478),(989,245,478),(990,172,478),(991,115,480),(992,259,481),(993,362,481),(994,420,482),(995,190,482),(996,485,483),(997,341,483),(998,232,483),(999,140,484),(1000,152,484),(1001,306,484),(1002,370,484),(1003,228,485),(1004,368,485),(1005,191,485),(1006,318,485),(1007,395,486),(1008,379,486),(1009,366,486),(1010,365,487),(1011,470,487),(1012,128,488),(1013,298,488),(1014,191,488),(1015,276,488),(1016,241,489),(1017,153,490),(1018,264,490),(1019,385,491),(1020,291,491),(1021,477,491),(1022,315,491),(1023,432,492),(1024,420,493),(1025,476,493),(1026,401,493),(1027,377,493),(1028,491,494),(1029,489,495),(1030,356,495),(1031,443,496),(1032,320,496),(1033,279,497),(1034,286,497),(1035,100,497),(1036,344,498),(1037,293,498),(1038,420,498),(1039,483,499),(1040,203,499),(1041,307,499),(1042,406,499),(1043,321,500),(1044,173,500),(1045,442,502),(1046,100,502),(1047,317,502),(1048,127,503),(1049,314,503),(1050,101,504),(1051,337,505),(1052,305,505),(1053,399,505),(1054,170,505),(1055,371,505),(1056,215,506),(1057,144,506),(1058,423,509),(1059,309,510),(1060,195,510),(1061,479,510),(1062,337,510),(1063,251,511),(1064,463,511),(1065,435,511),(1066,494,511),(1067,370,512),(1068,299,512),(1069,355,513),(1070,473,513),(1071,150,514),(1072,308,514),(1073,224,514),(1074,241,515),(1075,321,515),(1076,140,516),(1077,110,516),(1078,344,516),(1079,285,517),(1080,213,517),(1081,123,518),(1082,465,518),(1083,339,518),(1084,388,519),(1085,285,519),(1086,152,520),(1087,202,521),(1088,315,521),(1089,422,522),(1090,310,523),(1091,403,524),(1092,299,525),(1093,115,525),(1094,150,525),(1095,107,525),(1096,111,526),(1097,207,526),(1098,247,527),(1099,489,528),(1100,298,528),(1101,448,528),(1102,355,529),(1103,199,529),(1104,403,529),(1105,478,529),(1106,101,529),(1107,383,530),(1108,372,532),(1109,335,533),(1110,384,533),(1111,450,533),(1112,321,533),(1113,104,535),(1114,266,536),(1115,134,536),(1116,306,536),(1117,340,536),(1118,196,536),(1119,262,536),(1120,262,536),(1121,464,538),(1122,380,538),(1123,473,539),(1124,469,539),(1125,207,539),(1126,484,540),(1127,213,540),(1128,119,541),(1129,432,541),(1130,358,541),(1131,248,542),(1132,477,542),(1133,371,542),(1134,227,543),(1135,122,543),(1136,135,544),(1137,238,545),(1138,466,545),(1139,212,545),(1140,291,546),(1141,449,547),(1142,185,549),(1143,186,549),(1144,205,549),(1145,437,550),(1146,224,550),(1147,494,551),(1148,472,551),(1149,194,552),(1150,211,552),(1151,129,553),(1152,226,553),(1153,319,553),(1154,372,553),(1155,233,555),(1156,268,556),(1157,232,556),(1158,141,556),(1159,456,557),(1160,458,557),(1161,259,557),(1162,141,558),(1163,290,559),(1164,462,559),(1165,173,562),(1166,133,562),(1167,240,563),(1168,329,563),(1169,360,563),(1170,392,564),(1171,246,564),(1172,362,565),(1173,319,566),(1174,303,568),(1175,405,568),(1176,330,568),(1177,444,569),(1178,318,570),(1179,294,572),(1180,452,572),(1181,398,572),(1182,132,574),(1183,319,574),(1184,118,574),(1185,303,575),(1186,430,575),(1187,474,576),(1188,495,577),(1189,184,577),(1190,409,577);
/*!40000 ALTER TABLE `screens` ENABLE KEYS */;
UNLOCK TABLES;
--
-- Temporary view structure for view `screens_city`
--

DROP TABLE IF EXISTS `screens_city`;
/*!50001 DROP VIEW IF EXISTS `screens_city`*/;
SET @saved_cs_client     = @@character_set_client;
/*!50503 SET character_set_client = utf8mb4 */;
/*!50001 CREATE VIEW `screens_city` AS SELECT 
 1 AS `name`,
 1 AS `COUNT(s.screen_id)`*/;
SET character_set_client = @saved_cs_client;

--
-- Table structure for table `show_timings`
--

DROP TABLE IF EXISTS `show_timings`;
/*!40101 SET @saved_cs_client     = @@character_set_client */;
/*!50503 SET character_set_client = utf8mb4 */;
CREATE TABLE `show_timings` (
  `show_timing_id` int(11) NOT NULL,
  `start_time` time DEFAULT NULL,
  `end_time` time DEFAULT NULL,
  PRIMARY KEY (`show_timing_id`)
) ENGINE=InnoDB DEFAULT CHARSET=utf8;
/*!40101 SET character_set_client = @saved_cs_client */;

--
-- Temporary view structure for view `srk`
--

DROP TABLE IF EXISTS `srk`;
/*!50001 DROP VIEW IF EXISTS `srk`*/;
SET @saved_cs_client     = @@character_set_client;
/*!50503 SET character_set_client = utf8mb4 */;
/*!50001 CREATE VIEW `srk` AS SELECT 
 1 AS `SRK`,
 1 AS `rating`*/;
SET character_set_client = @saved_cs_client;

--
-- Table structure for table `stars`
--

DROP TABLE IF EXISTS `stars`;
/*!40101 SET @saved_cs_client     = @@character_set_client */;
/*!50503 SET character_set_client = utf8mb4 */;
CREATE TABLE `stars` (
  `star_id` int(11) NOT NULL,
  `name` varchar(45) DEFAULT NULL,
  `created_at` timestamp(4) NULL DEFAULT NULL,
  `updated_at` timestamp(4) NULL DEFAULT NULL,
  PRIMARY KEY (`star_id`)
) ENGINE=InnoDB DEFAULT CHARSET=utf8;
/*!40101 SET character_set_client = @saved_cs_client */;

--
-- Temporary view structure for view `theater`
--

DROP TABLE IF EXISTS `theater`;
/*!50001 DROP VIEW IF EXISTS `theater`*/;
SET @saved_cs_client     = @@character_set_client;
/*!50503 SET character_set_client = utf8mb4 */;
/*!50001 CREATE VIEW `theater` AS SELECT 
 1 AS `name`*/;
SET character_set_client = @saved_cs_client;

--
-- Temporary view structure for view `theater_highest_sales`
--

DROP TABLE IF EXISTS `theater_highest_sales`;
/*!50001 DROP VIEW IF EXISTS `theater_highest_sales`*/;
SET @saved_cs_client     = @@character_set_client;
/*!50503 SET character_set_client = utf8mb4 */;
/*!50001 CREATE VIEW `theater_highest_sales` AS SELECT 
 1 AS `name`,
 1 AS `MAX(s.ticket_price*b.tickets_booked)`*/;
SET character_set_client = @saved_cs_client;

--
-- Table structure for table `theaters`
--

DROP TABLE IF EXISTS `theaters`;
/*!40101 SET @saved_cs_client     = @@character_set_client */;
/*!50503 SET character_set_client = utf8mb4 */;
CREATE TABLE `theaters` (
  `theater_id` int(11) NOT NULL,
  `name` varchar(200) DEFAULT NULL,
  `created_at` timestamp(4) NULL DEFAULT NULL,
  `updated_at` timestamp(4) NULL DEFAULT NULL,
  `city_id` int(11) DEFAULT NULL,
  PRIMARY KEY (`theater_id`),
  KEY `city_id_fk_idx` (`city_id`),
  CONSTRAINT `city_id_fk` FOREIGN KEY (`city_id`) REFERENCES `city` (`city_id`) ON DELETE NO ACTION ON UPDATE NO ACTION
) ENGINE=InnoDB DEFAULT CHARSET=utf8;
/*!40101 SET character_set_client = @saved_cs_client */;

--
-- Temporary view structure for view `top_hit_ajay`
--

DROP TABLE IF EXISTS `top_hit_ajay`;
/*!50001 DROP VIEW IF EXISTS `top_hit_ajay`*/;
SET @saved_cs_client     = @@character_set_client;
/*!50503 SET character_set_client = utf8mb4 */;
/*!50001 CREATE VIEW `top_hit_ajay` AS SELECT 
 1 AS `name`,
 1 AS `rating`,
 1 AS `movie_id`*/;
SET character_set_client = @saved_cs_client;

--
-- Temporary view structure for view `total_income`
--

DROP TABLE IF EXISTS `total_income`;
/*!50001 DROP VIEW IF EXISTS `total_income`*/;
SET @saved_cs_client     = @@character_set_client;
/*!50503 SET character_set_client = utf8mb4 */;
/*!50001 CREATE VIEW `total_income` AS SELECT 
 1 AS `totalSales`,
 1 AS `name`*/;
SET character_set_client = @saved_cs_client;

--
-- Temporary view structure for view `total_screens_mumbai`
--

DROP TABLE IF EXISTS `total_screens_mumbai`;
/*!50001 DROP VIEW IF EXISTS `total_screens_mumbai`*/;
SET @saved_cs_client     = @@character_set_client;
/*!50503 SET character_set_client = utf8mb4 */;
/*!50001 CREATE VIEW `total_screens_mumbai` AS SELECT 
 1 AS `name`,
 1 AS `COUNT(ts.screen_id)`*/;
SET character_set_client = @saved_cs_client;

--
-- Temporary view structure for view `total_theaters_ahmedabad`
--

DROP TABLE IF EXISTS `total_theaters_ahmedabad`;
/*!50001 DROP VIEW IF EXISTS `total_theaters_ahmedabad`*/;
SET @saved_cs_client     = @@character_set_client;
/*!50503 SET character_set_client = utf8mb4 */;
/*!50001 CREATE VIEW `total_theaters_ahmedabad` AS SELECT 
 1 AS `NoOfTheaters`*/;
SET character_set_client = @saved_cs_client;

--
-- Table structure for table `transaction`
--

DROP TABLE IF EXISTS `transaction`;
/*!40101 SET @saved_cs_client     = @@character_set_client */;
/*!50503 SET character_set_client = utf8mb4 */;
CREATE TABLE `transaction` (
  `id` char(32) NOT NULL,
  `amount` decimal(10,2) NOT NULL,
  `booking_id` int(11) NOT NULL,
  PRIMARY KEY (`id`),
  UNIQUE KEY `id_UNIQUE` (`id`),
  KEY `booking_id_fk_idx` (`booking_id`),
  CONSTRAINT `booking_id_fk` FOREIGN KEY (`booking_id`) REFERENCES `bookings` (`booking_id`) ON DELETE NO ACTION ON UPDATE NO ACTION
) ENGINE=InnoDB DEFAULT CHARSET=utf8mb4;
/*!40101 SET character_set_client = @saved_cs_client */;

LOCK TABLES `transaction` WRITE;
/*!40000 ALTER TABLE `transaction` DISABLE KEYS */;
INSERT INTO `transaction` VALUES ('0085A403CB7746639BDA4AA13685D72B',750.00,214),('009B662D20254FC68E1821830A638F5E',420.00,47),('00BF506FCFDD474FBD290016F459F3EF',1400.00,353),('01B9DA415860477E8673030277AE8A8A',1800.00,50),('01DEEBF59D63447D88A347357BF04F69',450.00,279),('02090413843F4CE5AB2FECCBEEB35579',680.00,330),('023ED26EDFE940729C93520102FCA13F',800.00,358),('025A3C9C4D41448BB02A7D70FFAA3C9B',340.00,682),('029CC10A363C4F0588DBEB9D83C76598',1170.00,9),('02B7EAEDC69E49A2B1D08557756AFE8F',800.00,465),('030F21CFE23E4DF98AE4EE7A1EBCF50F',510.00,763),('0489FC134CBA4AE596CF6AE603FC38D6',1000.00,574),('04C03359777247ADBA5735E52BC8B60F',300.00,246),('04CFF4F5DEF24291A6784306B8C7338C',200.00,543),('04D318664EE747288326B80D268D41AD',980.00,390),('04E901DC0D9D403D9D18250C87C1CBF0',800.00,778),('053836D419E8416AB32BF71E64744D60',650.00,798),('055BB0C28EDA46A0885D472EB60BC0C0',420.00,671),('066A2016237E428B87CA8EF2CE968D8B',170.00,780),('067860001F054816934E32376D0A9B66',850.00,256),('068685BECB2F4FAAAD33C86BFCFAC348',1400.00,935),('06EAE6D550704D6A9D084BF571163E43',170.00,500),('0738D8AE6287429695F012EB8DF50B2B',200.00,576),('074A660BB9D2458EBB0009F08EA38F28',560.00,765),('0790E00709404667AED7E7830630CC4B',390.00,141),('07D501F1E0C34D54B89AC09BD5D5E86D',780.00,581),('07EA93070B7A4E83B11F8A3F60E24A92',150.00,720),('0841A87AC18F483B85F5CFD72D413877',850.00,990),('086818C832A844FE8C605DA70168F476',1000.00,475),('08A2A033E305465091E6C9A2641BE5C7',840.00,815),('08A2A7DFC8AC45F58ADFEEB73BC684C9',2000.00,937),('09216C2D4D9E43A283D48DBA60E63A9F',340.00,48),('093BE75A50D243BAB9685445505D5D32',700.00,316),('0A9BFC21A9324DC9B55782E0DE969245',1200.00,760),('0AABC2582D79432BAA61A18870FE1E28',780.00,710),('0AAF46CCF5114DB1869937508DE09B3B',560.00,822),('0AE097E09F6846798CE8E2C75BD4EEE5',100.00,571),('0AE77264F30F4A78B5B41F9B4D553C4B',1360.00,961),('0B32E11E44DB46008D1EE12FB29040AE',840.00,347),('0BB408613F884755B185C772B3B5DD10',650.00,836),('0C24C067EB784D6BB0390BE3DB4E0E98',780.00,503),('0C5A2D1BC97F4675964E3CD8F16CE5F8',1260.00,267),('0C5A796049CE4A1180DB75B64482152D',980.00,459),('0C6F9B4C737E4D16A5595127F33BCEDE',450.00,426),('0CB9F0DF28E34CD1A3F4038378017917',1360.00,993),('0CD8561189E742E9A044808AA10F6BA7',700.00,417),('0DC72807C79F4AAF9E73A1D06C016A9C',1400.00,332),('0E3A3F0406854C7AA4069DD406657F5F',400.00,364),('0E5419D8EA9C44138DDEDF04CA5E2FF3',1350.00,918),('0E671FECC26140D3A0B55A450ACC0BAE',700.00,238),('0E7D67AF501B42A58E987C3CE6E596D4',300.00,728),('0EEE9F9B4AA44B90B1480DDC07618EF3',1800.00,369),('0EF9E24500344FB5B111DE5BCE12E0F8',900.00,219),('0F04CFAB3D684C00AA2F14D2CAECC5DA',1700.00,703),('0F8D3D84AB2945958669217B76649089',850.00,113),('0FCD2F75CB9D44478428C7BB40CB1816',420.00,896),('0FD32E2CE07943B395CA717EC3A49D29',1350.00,477),('10202B8A3B7747CE8956D39EF3C610A9',840.00,234),('104041A4496B4F0D9B77075D09BD7EE0',1360.00,159),('105AF2CA7C9D4AFA82A591D085F32FE8',1000.00,684),('10C66C8DA58B4E4A9E8E095078E1131C',910.00,779),('1144FBDF2112442AAA7DDB56893EBEDD',800.00,797),('11ED2D26864B466595CE1D6046847F7E',100.00,709),('121B21A307244947BF17ED3151036EDC',400.00,271),('125EC4F5718C40E1AC492A7D244F515C',750.00,67),('126DFB7368D444DE9C8BA6CD22D9463C',130.00,60),('128DDB32F9A84F96B60DEAC2FAD6114F',1360.00,680),('12B5BC6351EB4FD4BCA19128BE4FD2E9',900.00,645),('12D7363CBC0A419191335274A4F80895',1530.00,26),('13368D96300B43868884B5D6401020D5',420.00,176),('1340DFDDF274432D9F2BFA7B3ABB9F4C',1050.00,566),('136639B38EDA41E4A0A1E8B472037DC5',1260.00,888),('139B4AE1961344F6A1BDDEC93DE60444',700.00,5),('13E4A8B618C142D5B32919379B6BC0C4',390.00,6),('14284A4B43A0432D959BCC67238074D1',900.00,813),('146E83778A0E40909A4C06D5C2D6FBC2',340.00,997),('147E8EC8CBD54DC1B221D13B2BA35050',280.00,22),('14973F8C0CCE4DE894BAD4F2F3C4632C',560.00,619),('14A8804DEF6046EBBA9C037FC98436D3',1360.00,479),('14E433F7A8244249825EB507C65B42EC',1400.00,90),('1527C21699D34D99A94B73305E6FE851',1170.00,127),('155C4ACEA4FD48DABA0B669DAD9F6FF2',980.00,140),('158735342DA44DD7B1E701C57473AF08',780.00,744),('161389E9A11F495EB286FB0D16701F7E',780.00,458),('1684EEFFCBFB463A8B2DFB70404EB17C',650.00,404),('1734B3557DE94877B7DC60E39C230718',130.00,963),('1795B317290F47F69ACD1EAECA771DF4',840.00,712),('17FCE206528C409F884F7D6973EEBBF3',1300.00,429),('18230AC6A3B24762B6B90E0D1B80F684',1700.00,916),('1835211A81344C06863547FA00C608F8',700.00,618),('185E19FCF38742B58197C20F470A6F34',1120.00,453),('18B05128FE0A4683818559B436DF23E7',900.00,547),('18B1725736DA43D1AE114479B4F8BBCF',560.00,947),('18E4C45DAED94E24A91BAE39E4291124',1800.00,936),('1909B2CC2D3641B7BFFF073289843064',840.00,241),('1986D29E14454EA9820245B029F5BFE2',1050.00,389),('19C284CC9A934729BB02D232A6FEB959',510.00,1),('19E143DFFB684F3895138EB1BAC2749F',1400.00,437),('19F9A4FD665A4A45808362466E72522F',700.00,575),('19FE497E07A046D29798B0B73EAE6564',1530.00,210),('1AB0A329C426497A90E237EB8771CD5C',2000.00,45),('1AC5BB2402804AC398D0BFADBCFAB011',1040.00,388),('1AF1323DDB894290A9314D9696FA757F',750.00,35),('1B0A47E7FB624BAFBF781416DAD24005',510.00,653),('1B28C64450084775A0E2F887ED822E1E',1020.00,402),('1BDD86D002ED4ED5BC4D71700F94D8B3',1050.00,474),('1BE36018F10942529597E5DA29B21804',560.00,675),('1BE65EAD101341F297A76136AFC98DC6',1200.00,163),('1BF7FDDBCFAF41A6A46790EA2EA52CA7',780.00,418),('1C0B4E4D73FE4C9F817468FBB0AFBDDB',400.00,445),('1C7068FE4C9F4E7E8756BA850E12B695',1300.00,487),('1C8DE2070D284E97928A6458196F880F',680.00,722),('1CA1C4EB52B7421DBE196C06A1674C49',1170.00,16),('1CCA81D60FDD4E63986FB2C91D58B15E',520.00,844),('1CDD9014D43842EA8A52E4A5146BA838',600.00,752),('1CEB8624BD434C94BC976D6EA04AF617',300.00,687),('1DB2EB41A78446658D94D1FD31CED1EA',280.00,840),('1DE1C10EC24D484AA81F5AF9488B7E47',900.00,552),('1DFEF0D8CF4D4A5FBB14C3FF2E9EA219',1120.00,436),('1EFA67CEFC0F403B8AB379798EF68232',300.00,609),('1F6DC039F6C14436B74388A62A511A9D',1400.00,585),('1F82F6C3E2FD431F8B0129BCD4FA9555',150.00,449),('1FDA4387FB944E39892B06DA7FD4C71B',850.00,875),('209AA6990C244B31BF70AA9D49ACCA0B',910.00,177),('20BF7895BC704672B4300A5684C79F50',150.00,818),('20FD04D321DB42AFB885EAA1631BB500',260.00,262),('21461D18907346B2B88E343F5584A085',140.00,259),('215BDD6117D746F3A7E25AF24171DF87',1400.00,155),('216706CADCFA4EAE857ABC4F540ABFF2',850.00,708),('21AB81A42BFA4FE2AF2242E5DECA7910',840.00,236),('21B87443076147778B6DD3E4B9926F6B',340.00,881),('21BF84720EE94B799318845AADB78AA6',980.00,387),('223800D5DC264925995A09FFCB90329C',650.00,579),('22680929424749F9AF384FCA9559AE52',600.00,106),('22A565545DCF44798C79A828B382339A',100.00,130),('22C6FB6494944CE0AEC3941DB8C98E6A',200.00,506),('234C0BAD10A54921B75B7790B015C320',300.00,793),('248DB61F348546E8BE0158DA0A86F7CC',260.00,848),('24BB2310DF9245E28F76F2E20A119F38',1020.00,142),('24D1C499C2D84014B354F81C88E4EF0C',1530.00,116),('24DFB495BAFF4EE6BCEF82AC63520178',280.00,260),('2530D3FFB4564DF18AD04E43F47D97A4',910.00,88),('254565512BCF459FAAD83AA3BF7B3D25',980.00,186),('2573DBD6BB904AAB8758B07BF944F9DF',1530.00,735),('25988E8FF37F40E5AF003F47609469FB',1600.00,954),('25B537001E744AD8ADEEB3BA76FF5FC8',500.00,577),('25C2544847474EDCB5FA75BEEC3F7A4D',600.00,331),('25DA3BA1BCE44ECEB003E719817D4B75',390.00,908),('2603B3EBCAEB4C78AF2F5F0F97984D63',1530.00,425),('2611217BAF904C0CB3CA3194C6D4050B',1190.00,561),('26E47CB3EF574B1EB51B3B2071DEC3B2',200.00,335),('277F5A1C34EF4A21A1301F3EB18FF29B',140.00,339),('27C9750F75454C57BE10C4A62BB0BD41',1170.00,441),('27EE60BEF8E948B795799A0707A06348',1350.00,643),('28A713D107C549C4AEFE050697FB653A',500.00,726),('28BACDDC3A394582B7E1AAFC0F5C98A0',280.00,994),('28C1677045914C52ACDD401FF7F2EB48',1040.00,443),('28CB91B0FE8C41E0AFE6714DA2CA93B9',1700.00,855),('290BCAE24C9343458B1C252AE62829AC',260.00,334),('290EB052C9CA4611995E3907634C6F19',1200.00,739),('29685D99414144F6B2071A46CA494534',900.00,824),('296C47D033D34191A844F31C11A0D214',1400.00,657),('298D87300FD64EA887C1C54DD8F90234',700.00,871),('29D9A1867A38407D84BDA2534FFA9330',1260.00,196),('2A035920064344709CCD5860031B601D',600.00,912),('2A109241C30D4C9E81404180AF699FC3',280.00,863),('2A972D03886F4DE4802445C15DB8DE9C',300.00,203),('2AB3837E5BCC4ED4BB6C3A5116E26A8A',400.00,685),('2AB66D0C176045BFB296A4C831127C7B',300.00,946),('2B0D9DDA99A6487DA19805002F8C8BCB',1000.00,827),('2B54C8911F6B4381BAC65FE4B359F94E',260.00,920),('2BDC39221A1F47738B01235135C352C9',520.00,195),('2BEC45777AA44A238D747E70FEAEFEE6',600.00,858),('2C578ABA8BA84300899B2B1B389EA176',650.00,730),('2D2C84DF41C3492FA07E91DEDC18E6A6',900.00,229),('2EBCEB2A4A3342198A05CCD3BF0FB08A',560.00,714),('2F30F0DF3A124404BF3B5669B99FCCD8',260.00,23),('2F32DB6B6343406781B2F95CC72429E8',1360.00,591),('2F44FD31B55743EFAFC2FE4E61AB22F9',600.00,232),('3044DBAF97794AD588DDF724C7B03540',340.00,243),('30BF243E56264DB4B66D46DB4B3CE3A4',780.00,956),('30E6655A9C85405EBB0359327E6831B1',280.00,662),('31066D728B4445C1BDB5903C098C1B3B',650.00,242),('314F446292734049ACB3211B63433E85',900.00,906),('31D6EC3714BC417289044A68018090B1',1050.00,944),('3215A90FE78942018E9AE6ED7C4B2AD3',1600.00,890),('321EB7344FB04EDCB116B8C7E0CB3566',1050.00,522),('322AE2BD2019484EB246341ADCE6D346',1400.00,175),('32579F47DB2A4F9E9B7C4A8B9CE1D26E',520.00,742),('32F350C36FAF4AD49F983A9B198DD327',420.00,659),('334C12B2592B49FCB882B26F6ADE498A',600.00,845),('336BE033064940D1BBA49B1C54A76AF1',1040.00,508),('336FCD3F69EE4CED8DDC356956F723FA',600.00,673),('33D01BE073F54CF7B232691D81289377',750.00,287),('340303514625422781856EEE435CD15C',140.00,448),('3410CF74CAB2417EAE7F1D9F11D0383E',300.00,43),('341FFD55DFEA4CD0A105F0846345B27E',1500.00,557),('34584C51FBF0487B81E62DAF9726D3A1',1300.00,277),('34EB525B5EDD4EF89364138C3531F17C',1170.00,698),('35402429A14147528BFCA6E3117E5BBB',510.00,580),('3576D847C3F84776AF4248D07B7BF84D',510.00,584),('358A4E686CAE4B119BE65621DF8D60CA',980.00,670),('358B13C819774D7185CF6B4B8C93EA17',1200.00,222),('35A6B6AB15D5485E97596992A2DD909D',1120.00,34),('35DA6EBD9F3F4450B0E9076C28A3A993',170.00,676),('3643DE4A03514DA9BAED22CB85C83717',750.00,690),('365DA57109604AA8BB8F28A4F380E8CA',980.00,631),('367B1658E2664D6C8532576BB47A9EEB',340.00,830),('36C8EAC261D74E60B344C7A656A2C5C2',1400.00,705),('37167F28727649EABBB53B62B4D9CB2C',800.00,100),('371D44454F804191A653B5E7C5B46E0A',780.00,699),('37FF3934DA364EF1A56ACA3D2E1B7807',280.00,745),('38A10D3863D04795AB505BF40D92C07E',1500.00,83),('3912AB421D2B4008BED61E88B0735F5F',280.00,511),('39BD5C2FCE95487DAE5D4EE09D415D5F',420.00,688),('3A4C345E3FEA42F58B9496C544FCC620',260.00,612),('3A50B261830F4F5FA8524226A7CC6C05',600.00,400),('3A7EE411D2E347EEB8DB68DCCCE64836',1120.00,866),('3AB53EE9F5594629B0928E89DA55F7F9',300.00,909),('3AD49BA040B348F2ADB7807619425ED2',260.00,948),('3B1D739BE6D24215B4F589439654B793',520.00,488),('3B2114E122DA40928571C49109A01A4F',300.00,914),('3B292B7906424A278CDAB7C1E0B5B7BE',1260.00,276),('3C421EBB5C7E4565B9264CFECCE761FB',900.00,788),('3D8B9ED5B7B34758B9221D3DE9C6716C',300.00,832),('3D8CA638B8904ED3B71ACC69D79828DD',1200.00,550),('3DA2706D24494EC49B027E4B3A2BF23C',650.00,637),('3DED045613F44B688BCD5360EA943F3A',340.00,731),('3E0DD472D652455484A5A19ED819C2A4',1170.00,294),('3E11F4B96B534042ADEFE14E416D8D95',510.00,734),('3E38A1D9B431432390273CCAC6A64E43',910.00,820),('3E95D2B1B9044718BC7C5C4942818AD1',1400.00,766),('3EC6E22A7D77432C97A3833ED3F74B82',800.00,505),('3EEAD24F039543F482858C767821C87D',1000.00,454),('3F582EFBFC704C9DA4A64F4E4E949EB6',400.00,784),('3FAB0C5FD66749BABD8E355EE1EEFE2A',390.00,442),('3FACD0ABD0DD46DC866A147DA7F21381',1000.00,363),('3FDA1F0E0B28441D96CA6CBB18A372D5',1300.00,711),('3FEAC4FCBBC14F6DA418F92BE079F513',560.00,674),('3FEC5B5285654F75B3573028F33D6EEB',800.00,461),('40061426FCFF422F97D6A41375117CD2',700.00,807),('4057378E48174753A88C70F3E2F0C597',850.00,677),('4085B76540844468AE9E1764BB43472E',600.00,156),('41351E6A97124CCAAF02E5EA2234CA00',510.00,239),('414C6C21B8F843AAA45DE444DA420B50',390.00,13),('41CD63A09D0641ADB3EF41D811E4B71F',1000.00,485),('41E6C44BFF0D47C2AAD5D5835B367288',500.00,249),('41F227A5F1C64D4BB1880F237C90A823',700.00,158),('42501F3BBDA94E4B85C14FB52BDC975A',1170.00,92),('4256CA55486C4526B0BF5D77BCAB77BA',1120.00,678),('42EF68615D224912B4D80287BB7E71F2',520.00,91),('42F0C8B61089468DBA17EFFD4B6F9A2F',100.00,414),('43958204C89D4EC2BF2C5902B0A13F29',1040.00,775),('43A9A2B7791B4F44B44A63D26A447EA4',600.00,957),('44325963AA4640DBB9206B99FAA43823',510.00,756),('4443AE24E97448888D308EFC50601AB1',300.00,144),('4529D79AF0F04A2585DFC0DDAC6311D7',1020.00,859),('455C9557A4C14900AB6620301C16452F',850.00,567),('4566084E80144B9B9AD4B7B9C0676F10',850.00,856),('4587A2FC71F04609ADAC7434FCE40AEA',1120.00,985),('45BCB68FBD5648588947280817C1E499',300.00,36),('45D37A70862E4EDDBC52968D4DFB07AB',700.00,469),('4653260F8D67468CA91972ACDAA67B3A',900.00,374),('46775868AF204301916EDF3FCF5C6E72',1190.00,174),('46785B655CBE4F05A707A7B8DB639C56',1360.00,713),('46A6D42BEF7D473DBD7E829A0B3569FC',200.00,716),('46AAC111EB884D649F8FA3EC57067A0E',780.00,72),('46B33B75F512417B951A0B31FDBA2568',560.00,628),('46B44774F20D46BBA59033C5F2E061AD',1800.00,835),('46D6A7855145448D99161751ED9CB3DE',900.00,394),('4718D8224614488585B9EBEF31776812',700.00,611),('474C1AF95E8F44A3AAD2C302A384AEE0',680.00,695),('47693CE5F57143BD9BBD76B35E20CBDB',560.00,938),('4820BE56A7454BBCB682F15B337F04C1',500.00,288),('483BBACA6415456AB0A51FF18A121A8B',1020.00,747),('485A0D724EC4480999EFE37193297250',900.00,62),('48A07BD8E5254A35BC0DFF051C214AF7',1400.00,69),('48C0A11DCEEB4951A14F949F9CFB894E',1800.00,847),('492560183E9A4FE68DAA7100A1E72F53',1120.00,777),('4932654D0C654CE3A83BC09CBACEE882',900.00,428),('49807F31EE6B46C6B48D3A12366692F6',340.00,727),('49FA702FD1E14ECD9B70D0B29C17B8E8',400.00,586),('4A9F381AB7C541A5A6880B7403BDA73D',200.00,117),('4AE325263D79406EA9F8C11BF4171F93',130.00,770),('4B484B4CD1D04BB79AF4E773E2AAA830',1400.00,692),('4B4B0252945344A18BF2CDF6CC581C3C',1020.00,977),('4BE33D9C783B49D59B08739A637E9D86',1020.00,829),('4C02D68988D74604BD6B9365E539E34F',560.00,795),('4C28D6085896406081EAE9E60A2C2BCF',1190.00,589),('4C4B3352788846BCA840005612DA1AD5',700.00,385),('4C8D4D45DC614322915F03C669CFA556',200.00,183),('4C95C01CF24849CEA0D5B34865E7086D',1400.00,217),('4CA9DCCA89C24BC69A025D960F77D5D7',140.00,282),('4CAB575AA54547CD9878C47B22AE5D62',1400.00,152),('4CDF9EB62AFE415686014B467C81582D',1400.00,542),('4CE1BC3AFCE7475AB6A71675A71D7149',1000.00,435),('4D75CB8FA2F8452B820C535BAF7785A6',1260.00,864),('4D8890EBAEF74602A3A9B7F9F7130E66',1300.00,63),('4DC5BBD371F64BCC8A44E9EF6984EE5B',750.00,648),('4DF111A78F674BE8A1104694E26E5831',1400.00,138),('4E524E58919E4930A3E09BA8894AE08B',1050.00,816),('4E614E057BE54C9F9C50A886ACF1F1E4',1600.00,480),('4EA0DD46EEDB45FEA467E3517E840A05',520.00,235),('4F071E0F2A2141EAA6B04F9206A93C94',1020.00,253),('4FCF861705104377B1CEC89C441C2519',900.00,647),('50121B40CE664590B36C156716174B1C',650.00,602),('50A320D60B8A4BBBABC9140FD77255A3',980.00,40),('50B420559B98419A81DE76BEACA67FD4',150.00,258),('50D70E3A5AF741AB8BF9C786AAC2EB21',1700.00,471),('513571DB116E45F9A7BE39FF8755A3FC',1000.00,834),('517D323D9F1E466BB56BE5ADB3E27813',1500.00,58),('51C9DC9F189048D99658865DDB45033F',1300.00,895),('51F54F11735441969C48C7E58B585B98',1170.00,261),('5200D72D420E480DB3A9FFC9523453E7',1040.00,943),('52884573CF294C4CB55338FC218DEC13',900.00,375),('52B53C2AA3D547D5B0ECDEB2151AD5D2',260.00,472),('52CC918E639C4DE59F7EE4F62BB30B62',1400.00,65),('52DB3A6524D94FFD897C3FC5022BF68C',400.00,199),('52E3EE0AFA814927BD7452A54D41A20E',390.00,197),('530257394713414BB60E1F3C8B68E4A3',1600.00,789),('5371AC140AEB401497F654316AF1E1C2',1050.00,683),('539FD395CFB540A0A82120DD87EE7AB1',1800.00,862),('542F0F104E334DB586139D87D3AB3A23',1200.00,535),('54303A1139714DE39E7034BA7AFD80E6',980.00,56),('549626B912A84B86AA11F91FBF2FA5F4',1020.00,551),('5508585C823241E7A539BBC124AC673F',1600.00,384),('5510657F3DAF4FEC9BCB20A0D5CD1E68',1530.00,672),('55251A6258014F4DA07C937106BD5BD4',140.00,569),('5560B0ACFF7C4DEEB5991944BEF8E493',800.00,499),('56A094915BE141B9B23678C664CE7ABE',800.00,796),('56AA550968214098AED875857E448251',390.00,286),('56CD1B37C7A543FA82D0DF00054C6026',450.00,350),('56DF480FDB2048FA98A1EB2927EB3D87',150.00,984),('5700D9D6B9C64BF0B361A5E49420DE5F',1400.00,782),('57096B0A5B3441B081DB5DD263E52106',1000.00,633),('57236F4C0C99491AB599B424D2C2A77B',1300.00,501),('5889BDBEAB14483B9DB625B60F8AB73E',400.00,852),('58CDE65587954125B024E95471B055B0',100.00,204),('58FF4A14860C4C1D99822CAE3E4ECA04',600.00,529),('591C05D40E8446BCA19829873AF3D626',900.00,54),('59EA9764629549FDB58A7DBD32F5DF8B',800.00,308),('5A3BAD141DF647CB95655CB745367194',170.00,379),('5AE4464EA5DA4048951406BF2F6786C3',300.00,57),('5B0EF6AF93CC4E8A8C5DC563C8D1402D',600.00,86),('5B12A92A8B55473E828219D42253A165',700.00,41),('5B9C2DB722C547599806CDAF7D291B5E',1530.00,587),('5BA56A88FA1C4391AA11CEF1AE005635',280.00,300),('5BB4A6CCB04B449E9C7A741FAE42F74F',1260.00,408),('5C307D9F0BA743B781A47E7520B19D47',1530.00,146),('5C8466ADDC6E48518C273BB58A9A9F0D',980.00,226),('5C86170DD3EB4C719782B4D712DEA199',1190.00,867),('5D3F9D096FA349B49E120F44CECAD124',280.00,910),('5E30FFE23563484ABDAF26ED8498A292',400.00,512),('5E6A20D1A43742D19E5EC2C9735F3E8E',1200.00,333),('5E8C69CF3D2C4850A790AF61CA52B958',1500.00,132),('5E9CF0C5B5294578853EEEE8894B3904',200.00,679),('5EBB7ED4441B4246BFA7FB53FD75233A',1200.00,486),('5EBFDAC874A44446A5A40FBEBBD7AC7F',260.00,188),('5EC64F7BE0D54605AF0D3FDD33E402A5',1700.00,889),('5EC866067A624F20BD376E2628D5551D',1530.00,568),('5F0B35356F2A4C4693190489C7CCCEB5',600.00,24),('5F130828B47C414BA4F8ABA34188D565',340.00,77),('5F17D1FA5706423DA4FC1D70B90E5E00',450.00,265),('5F22DCCF358244F5AE450ECAF303B791',1600.00,194),('5F48DF881B4C42B296DE46E070F8B99C',280.00,464),('5F77B0D78BA54DE6B006D6E0C11C03FE',260.00,403),('5FB9B7A00124422CA75571CB699CFE1B',1000.00,894),('5FBDEF86BEEA4DEBA668395AA716EFC5',1040.00,483),('6003D469E446447FB4ECE2FB4B819874',1200.00,352),('60F1412E03FA4741AF978FE97EB15B74',600.00,182),('6107487B32634C3A86873AF5FF6DCC39',260.00,958),('61096E11760A40D981843DA2BB86E27F',600.00,14),('613D75F6AC964E35BE21434E8A441B51',280.00,440),('6141421250BD4F04973E75B5D2A86FF4',800.00,666),('614D4E47890D44729422A557294AA47E',1260.00,800),('6173131B643A4B8BB70FFCF4EC86FFCA',200.00,622),('6188C4393E07400CBA6A813D438A1E86',300.00,68),('61BA6CA5315D4143A9F832171E4E3BED',300.00,913),('6224D4AC6E634D45823AA3776C4E4F8C',600.00,701),('625C9D80EEDB4E74B51BEE57626FADE5',700.00,218),('6270E515679746C29AF82AB2D5877517',100.00,411),('629B8BCAEA8F437D9B04AA5F6F5F014E',140.00,641),('63FBAD5B054941EE9A1621653BBB4237',400.00,315),('6445D459E48A407D8504CBE79EA3253F',650.00,422),('647E3B0FACF340DF8012F7D63DD9912B',520.00,976),('648A8B4F155046AC9F7BF5BDCFE1708A',700.00,7),('64F6587481C3432F8439E4DA24A98693',150.00,165),('6577CACDCE9B41BA93AE9F8594A0D0D4',900.00,781),('65D567E408A642858D40798017DD3FE3',420.00,481),('6600AB7EBFDD4BDD95A6EEFD7D32A0E1',1020.00,124),('6603DE2483C44BD8B1221D807ED09FE6',150.00,614),('661E0B2E908C4589B8D5682823762582',1200.00,4),('664A6A4D0AD04CDBAB471C9BBD044DB2',150.00,755),('667D76C60F8B4F149BCBC9D58181A003',450.00,32),('668BF9E4E29145519E7FE42F70D3755E',150.00,151),('66ED9FD4B3964BCDA7BC1024F6F2035F',420.00,556),('670692A0252D4DAB8651B223517DE9A9',2000.00,868),('671941FEA3E8476B910C9025D7C014D3',260.00,150),('673C718C5ECE451E95D4BB203B86D8BB',100.00,882),('674CBECB369F4C04937F199328DFDF8E',1000.00,853),('67864DAEBE8E49D498A56AF836202EEB',1120.00,337),('67979EA9CBE54BF7A5B3C88322339BD2',1350.00,594),('67C060FF9172401BB7FAC71D825852FA',600.00,656),('67CCFFB1F6294436A6279ACF653661AD',260.00,111),('68160D9FD7284026A5D0A3C5F4B1FFA9',400.00,180),('6840E8A44FEF4DC6B7A3CE34389C3864',680.00,968),('685BF5ED0BFD46128129D5695AE73524',1350.00,292),('686C1314BC504128BC7896E6597452E7',900.00,207),('69B94C3A82A24C909BC85D7198617E7F',1020.00,927),('69BB24D4145A46848DAD21AE3F4FFEAB',650.00,880),('69EF969218CB48F2A2412DBDE8C9BF83',900.00,136),('69FC6E53E1314B6CB855A062FB33920E',650.00,955),('69FE0E5EA27F498982E4A8223894C189',150.00,391),('6A26E2F6EF124483B8AB483D84408B88',560.00,162),('6A7E0D5DFA2A475FA25999D80FD522ED',400.00,915),('6A7E5370290E4DC7B5D461BEFB4DAE50',1530.00,169),('6AD7A08020744045AFC76160CC65007C',600.00,564),('6AE17071FC074CC7B6B608D07E976540',1000.00,322),('6AE5E0C74BDC45558AE37AC712EAD1D2',100.00,799),('6B8AFECE09E14FAFA3360E667C19BF72',200.00,507),('6C7FF846F4FE41D8A5A879FBC6BE9B0C',980.00,198),('6C8D1A56737E40D68786D3902BB85807',140.00,457),('6D11E2DAE1BA451A8854564204A909BA',400.00,133),('6DBF4B6342A3473884002F6FCD2374E0',700.00,750),('6DED166ED3E148159A706F3DBC65585B',650.00,991),('6E29D713C30F4394BCF13FF81C7274DB',800.00,661),('6E34504ECEC5482F96C81405DDD1845A',780.00,757),('6E8A571DCE884A3D9355E1F1A499DCC3',600.00,381),('6E8E3E05E9D94091BC939784A40B1016',1200.00,740),('6EB5AEB95F2E495CB2FE5371B3B61AE0',1200.00,161),('6EE8690AFA8041B384D5F8156F10504C',780.00,8),('6F0D4646B52B4ADDA976A6294AB5417A',420.00,986),('70420ADAE8854CDEB61548D3B5FA429B',1000.00,427),('7080726E8D5C49068D38099868C3A870',1360.00,120),('7178822DEC014C7390780AE23C77C438',340.00,694),('7186FE365AAC4B819782CC478115AFDB',1120.00,532),('71BF67E1F5744A8283C1E0CCF6DF31E6',340.00,539),('71D78344C80245F2B3C352570EAFC55A',1360.00,639),('723EF4E7E8B845BF875D1C56EBACA1D8',1300.00,398),('725275A1CCEC48C7AA5AFCF6FCDBAB4D',900.00,681),('72538513C58846BEB4D621E83D82CA45',1170.00,892),('729CC38E2E56466099589F45754F97CE',1260.00,998),('729FE167FB174675A4F47343777CD507',1400.00,166),('72D624CD45F8491280373772B8E97F6B',750.00,373),('72F8585F08C645AB864BD3746461C244',280.00,950),('7333D9F3F05547F9B51C28DDF83DAAEF',850.00,621),('73428C360D2A4DE78E096BA4CC2C3705',680.00,762),('73848C52A4EA4C028CE55A490BAA372F',200.00,595),('73D7CEC9F6B5452B8FB0C1A0FF5FA57C',1000.00,758),('73E36F5940BE4043B1919537DC4F29A0',500.00,537),('73E7B3EA71934F26808875FB437FA335',850.00,168),('747128D7AA0A4A4494D0DDE6990FD677',1400.00,170),('7487C3E7B2F7433F977F8779F15C68AE',1600.00,409),('74C58B78C4F64B829E9D920C2A5DB72C',450.00,376),('74FF193044084FCC85FFA7702C6319B2',1700.00,416),('75247383715D4ED2A0D2EFABA1C23ADA',700.00,620),('75A43AED51D54B8A808BD93F71011390',1120.00,362),('75A63F3CAB2345BCB56AFED398D86B71',650.00,172),('75BA4E0785304473B868F4B99C8BDC2B',1260.00,126),('75ED0F5B64D649089D84A8F8F4D0E802',170.00,904),('766BF473DB674D3484B4A39432EF7462',1200.00,823),('769E6851335147C0B5C0FC4B336C4A14',1600.00,749),('76D693A9FB054D9789CD9542E098295C',1000.00,942),('76F25ADF292C4B85866B5B86F3130DBB',170.00,879),('7715D4ACABE148A882C3BA99B35F66BB',850.00,911),('771A94C1631843DEABD31EEC9DE38082',1020.00,421),('7735D98CE75B40A1894978A68E73F2CA',1530.00,971),('7796560010F04AF6BE5AE2B9AB2354C5',1040.00,19),('77E57B838E3945E481A60224D0BF6C85',800.00,397),('7824E0E6BCC94FA28EEAD783ACC5B4F4',600.00,405),('782E5BE334984D3180749AB59006086B',650.00,237),('782ED93B4BCF4240A0D60D0A4BD2DFEE',260.00,420),('78411D4C4F774334A62BF7799C212B31',1700.00,452),('787098412BE948A1B4D80A8A606E1A52',1040.00,274),('787634AA9C004AA890A6D752C0AB11CE',500.00,112),('788FFAF3CE824255836C3346FAAD84E7',1300.00,371),('795FC0E303B24D6CAA067FAF2E24890F',910.00,885),('79B9E5BA58BA4041AFFCC7AD60445F85',1600.00,732),('7A2597DF6A834920872E59B1149CF156',170.00,252),('7A4C2207C54345BF96B1AA46E6E5C263',910.00,291),('7A567D29403C4956AE5EE07E7DAC4BE1',900.00,870),('7A639E7230084E1EABE9F6B3AD691418',300.00,244),('7AAACC02787A4FB3839423DF5125910F',900.00,494),('7B11362120994B52989F1850D025963D',500.00,79),('7B4E185F469D459A86B51F9C0ED03AF5',450.00,231),('7B9094BB2E6C4093B24D04CBF6D4F7FB',1700.00,640),('7C0765DF590149918274D327D0125BDF',780.00,886),('7C9B7E6BF9A44D91B27CA670452B17B5',500.00,451),('7CD08FDCF155462ABC7FC31F781B6BD1',300.00,849),('7CF4F1361FF54B9B8A25443DB51FCDA4',1020.00,94),('7D3EB5CC6ECC4DA2BB6E82031804B46C',560.00,805),('7DAF233C69244188A084121E2E85421B',600.00,764),('7DFDFDA8E7C145379405C5750CE6AB73',450.00,85),('7E223386FCFC49C88A1CDCA6A3368663',2000.00,189),('7E336FE138424924A4B31D67B22139ED',280.00,773),('7E8EFEF3B9A14C41880701A8C851B0C2',1000.00,318),('7EAD486F528241C3B44FBDB6CF80FA12',280.00,923),('7EC8D5A9FDC54CCCAA2B06D2D74D976E',1260.00,952),('7F2DA9F4FED04A25B4D12A8DF7A2C628',520.00,181),('7FE6AD3BEBD64E21AF6102BB2798BAE4',2000.00,841),('7FEAB9E72C22451291EA007AB82FAA62',800.00,702),('801FBA2315B3478EA24E7AB77AAC0F78',520.00,658),('8086AA93E3414ACF9B5F4EC975F6AFA8',1020.00,590),('80A893BA968E47FBBF4AEB5EA3AAF4FE',780.00,819),('80D03A82C1B34D47ABA6ECFAA58D731E',1500.00,128),('80D3774028AF46F4BE06A87D2D45B187',980.00,767),('80EB6B36D2B54A03BDBDD3C9FF9E3C15',1200.00,463),('80FD8255C4274E98BD4722E1489DD283',140.00,377),('81669DF68CB34B8EB49467AC27A91843',340.00,30),('81A2588415B14A0E9BDB165C3D07E462',1200.00,230),('81BDAB431B644286973D9D9E1AF81D99',600.00,31),('81F7A20F3F474BFF9BCFE39CA0CA3D9D',450.00,646),('820F95A68E2745978328C1A478DC5766',800.00,741),('825F935238164717814353304B88CB5C',390.00,71),('82AF8FCA180546FEA5C296652AD3F717',1700.00,52),('82B606CCDB8241C1AA21AC9A3BD4E4BD',600.00,410),('830A2D29F6134C4CB20E0781D3709917',130.00,64),('83333BA8B15B49A69A9281F0C94CD4CD',280.00,489),('83427FFCD042491D97F7E19C79BC2088',300.00,514),('83D2DAE2093B443BA47040CD179FC795',300.00,738),('844DF0E3038044E3A326FDA6F264E400',300.00,972),('8465FC0926184EE6B9C14D839030F3B5',600.00,917),('847EF06326D44A63906C8B55F311CA57',130.00,515),('849D32E1F56849C4A591163A7CBFD4A0',1190.00,900),('84F6FB471425422B926C11AFE2404139',1500.00,148),('857D1771758D4383A2A48D1193195C71',1120.00,610),('85BCB4FF26FD43FD8AFB27BCB3C13E80',1000.00,737),('85DD51B24F404C8A94086BC1C077DCEB',450.00,697),('85F57D0E481E4E9A8CE96A49C0063FFB',1360.00,103),('86B3908DD6064887B2FC453CFF1B3E2A',450.00,211),('870C661F93FC4C43930880AEF6956FB5',150.00,808),('874116E9321842B293BD9E1122A0BCB5',750.00,311),('875C4A9FBF0A4560BFB9BAA7BE17259E',1800.00,359),('8792191EEFE845568E6EE7B7321954D1',1260.00,17),('885FDDBB9CCE4778A2820FD80BBA0DF5',1260.00,293),('887AC77EF8134CF291008C5151AF38F2',700.00,129),('889E799AC05642FAB02BE73E8E055583',600.00,785),('88B8A9494D1A497B92392BA701937C90',1400.00,299),('88D7A271CCA045318E9F7D8FFE4B9846',400.00,967),('88EF29F72522497FAD87834045FB040F',2000.00,607),('891CF08C58B941C69C691067182A4524',1040.00,450),('895A9D69CCAC4B40B1FEF8C74A1E8FD4',840.00,27),('896D73196CAE4F2484EA8FDE65AB8098',780.00,15),('89C8487E482F41BEB4584A7DE0E214B1',1530.00,839),('89D4B60267554CA7A8FDBFBBCB8211CB',600.00,98),('89F5C407C9604FF88BD643468FE1B5DD',130.00,878),('8A172F4E447044F8B5E230C93F6A289B',1170.00,554),('8AC6FAE713594C889C5481C1AF4897B0',780.00,826),('8B0408E4F4F24B6CBD372FDE38A4DC9F',1260.00,431),('8B27C2CFE3D845EB850EC7EF3062ED76',850.00,872),('8B68379971604210A4A7E781007D9881',1050.00,10),('8BBEFE14FE1440CDBDADCD456EBE32CA',980.00,208),('8BE2C91F5A434CF18ED9DC4B19A90410',1600.00,498),('8D5A68C1476646239FF66775D2088A17',1020.00,202),('8D5DED4306F74A3EBF9CA9B3BEFF5488',700.00,251),('8D7AFF74A262492DA72BD43CCD583599',680.00,541),('8DD14ADBFA2D4F158B00F2E5BCA580D7',800.00,939),('8ED30D198A33496F9F8E510742DB5051',150.00,378),('8EDA98D6E6C148AFAE7CA14D114B0545',2000.00,753),('8F2DF82F8DC647339090AEBA0D085E9A',520.00,774),('8F2EE42DA5284E788BD37EFE71C0A008',780.00,733),('8FB7BA6BD2A74B64922E95EA46636003',2000.00,273),('9030ED5F836B49949B234FCF590DAC9B',650.00,973),('9089BFD712F044229E14A50802294311',170.00,25),('90B5996DEB7E4BFEAC0D13236945C925',300.00,123),('917700FDBF744D41812B753D2B615F33',1000.00,635),('9177E5C6035B41B89E29F7ED0B39139A',1700.00,809),('919D42ABC150481CBCFB49FE99E2E041',840.00,360),('91A17B86E0E6435F800469AD424DE7DB',650.00,341),('91BF268FD3A44CAEADABF130F33BA115',1190.00,897),('923EB4E652BD412D91D14BAE1F52A088',800.00,82),('927994D29EC64270BB59072F65E0B4BD',400.00,919),('92E048CF12344DACA959ED55965FFC8B',1530.00,536),('93107A69E40F4864B1C3FBCA395EA2F6',900.00,145),('934792869C504365BC455E3B3B31071E',1300.00,729),('93F012A5B78E44C9A9B1DBCAA87612CF',100.00,743),('93F2B0FE1AB0400D97A0B8EFD5FC42E8',1000.00,190),('94061211A5D545ED867D016CE7E2BE04',840.00,336),('941D35848DAC4C099E1035AAB67D963A',260.00,139),('944C49D609AE469F95EAE23B29154288',840.00,268),('945971E4C44E4357A1699D58C1CA8FA7',1200.00,438),('94EB119FDC204A94B3A90BD52B06DC36',170.00,105),('95111AE7741746FB90234C7CB1605E61',170.00,724),('953B6F744543486F88012343DD9AA4D8',600.00,302),('95EB9732A2D24846BC6B2265D5B96925',280.00,320),('95F87325BF9F4DE38B40C1D656B99A99',700.00,399),('96C6D8DD15A243AA8E4292B14B0CD2A2',390.00,473),('96CCE18078D74CA68AB42D04577EF56E',700.00,61),('975D03601842459BBCE99A05380A5828',700.00,530),('97C31453B4DB450CA0BE904B15085239',750.00,125),('97D3A1F793BB408787A7BFF3B974BFB7',200.00,996),('97DD2407938F4E0E93CFBE7189CC4DE1',680.00,623),('980AD3F496C74036830255F40ED22F47',390.00,39),('988CF4FA869F4E7BB8BEA2721AE670CC',1350.00,147),('98905E3C807044F496022BC372A05D21',200.00,247),('98B44057AF2B4D9B9596A0CE2A8B7609',140.00,20),('98F94829AE5B45BB90CCBC07A9862551',850.00,861),('9926F38F574B4E62A0F284C29C3EC580',510.00,456),('999CF05DCC6646F2AFA3760F3B51ED14',1600.00,193),('99BB18DD07FF4F668655759310AC70D1',800.00,761),('99D55B4ECEEB474F97B02778D416B8A7',1400.00,33),('9A0BAD5E66EA43E780441A491AF490E4',1000.00,171),('9A26856B744C4E63A1E13BB97A2A6C08',1170.00,634),('9A44832BC9A44112AD67D33EBE278A70',150.00,801),('9A6BE9B3ECF944DCB4C625F49D86F491',910.00,544),('9A9A84107F94485086FDD02FC15858BD',280.00,121),('9ABCF9958FBA47EFA82BFC97A02703B0',1200.00,509),('9B9F95BBE33A4343906841FE26526FE8',150.00,96),('9BAACDE80D9B4731BE372BB0C2D0A30C',600.00,227),('9BDADC21D3E9403F8E199D10801D9F0E',600.00,644),('9BE043286B0849FF99C1148E3BCC9555',170.00,223),('9BFFAD063EC34475BB759860E1F28F06',280.00,999),('9C192FAE04DA462D99E5E10C9CB81DAA',1400.00,873),('9C589EA8803B4B7FA42D60E7AD4B735F',1350.00,563),('9C58D042087C47448227F1BE3486ABC1',900.00,843),('9C94BA4E0CA442FA8874B9B2ACAB4254',280.00,310),('9CB65CCFFBF6424CBC79A884BC789D76',780.00,345),('9CBCD319A5FA466EAF7C597FD997D949',1000.00,466),('9D4926B8D5B242B09691D7DA0031B62A',300.00,989),('9D4E111EFEFF4BC59CDADB288FA628FE',1040.00,572),('9D5249DEBBBB47C480DFE205D42D868D',600.00,314),('9D94B9065C8F456B9BA0C06BD7429BAA',200.00,478),('9DC15376A54E410794772EB214B7CA21',1600.00,649),('9E0D8BD37CC243158413FC071DCA8D82',680.00,37),('A0015480F13B499580597004DAAFB44A',1800.00,354),('A01D135FC2E448049085A4C9BA95EC0E',200.00,525),('A0743FFD0F1F45788011172CAAEBC0E8',510.00,368),('A10DBAED2CAE4E80A69671D5583AC80E',1200.00,296),('A1292643B0FF4F0E82E077D1ABE8C1BA',390.00,860),('A199F10F7E41418A89C4E94FF739E9E8',450.00,357),('A1A122B688DE409C9EB49FB0EEAE0BF0',850.00,759),('A1A7621C204640A09C0496D11D1561B1',400.00,415),('A1DA089945BF4DD78707F2F6E1CA000B',1050.00,312),('A20E9DCB3DFD4D74AC5EC6CC65202B82',150.00,983),('A2B8FD73061B477FBEBECB0686E6C3A3',390.00,382),('A312FECCCC5C463290C4DF501962ABFF',2000.00,960),('A36BAE9C54744CB2A641BD402C81C3C4',450.00,548),('A38ACED9F6694DDD967D9FA74B131954',510.00,802),('A3ACE2DB116B4144B13BA9C163B7E644',1000.00,655),('A47459BB447947599107EE6D707108A7',1200.00,114),('A47FD23A9FA949FE9B6786ABDC7B58C3',450.00,53),('A4877D4ECED34A7FB0EAA48D5657C07B',1200.00,932),('A53618AB936347A9B32272F262505F71',560.00,221),('A573F20661B04495B1BE06B2EED96838',1050.00,201),('A5B7AA136AF44B27BA95ABE166D67ECC',1400.00,857),('A613C1199DAD43CBB129B15D22C3AE47',1000.00,392),('A643EB1F0DD5486DA019B52543B1597C',680.00,104),('A6548517C038419E9F0E20E8BE35B127',1800.00,791),('A6B395513DC846CF999332DD8C8C2F4E',400.00,455),('A709DCC6637A4917B40B1686557FF2A1',300.00,213),('A7AD2E77DA9D4358AF8C8D29731ED8EA',600.00,349),('A836F30953B74059A8251F90B11D4721',1260.00,616),('A888A9AABE0E4D4690606DBF66B27A58',1170.00,160),('A8A21C14CEFB477982B3F240C3D100AD',140.00,215),('A8A43BA4325745728C1AFDA3DA05B68D',560.00,278),('A8B6BA9B371C4ADEACCD51B5E5AEDD10',680.00,516),('A8E97C32A72640AB96428CBE1609C29F',520.00,706),('A8F68A541F9F46E39B8442D07695E0C1',420.00,513),('A911F2F874444F99B6CF4B4E69BF3860',400.00,608),('A96BCF7500F947C5A64501EE2E4C0C9A',390.00,89),('A96BE33E556E493A946092F1F18E2FED',780.00,224),('A99D3AE4F67F491DB7645351002BF4C4',850.00,254),('A9A122E66BDC470CBE12ECD9818E1144',1000.00,115),('A9A1EEECEB744506A49B1B14E9F31D7D',1500.00,626),('A9B3635A73A1415BAE58B431982D6C77',1350.00,280),('A9BD58195B4A4BE29047F3007D99D8FB',560.00,502),('AA0D92B53BCE423DA31175527E9F1861',1170.00,945),('AA10DCE5544740FE9C38C2E1F239644E',1500.00,654),('AA4E57E2C8304CC2B4A28B22254BA97D',1400.00,810),('AA52E779A0EA4187AA846DA51C4B4029',650.00,154),('AB48498632D249DE9282B97886D51E99',680.00,599),('AB5306FD00174BD1A929A0A374EC66AE',900.00,380),('AC003F760A39438596BCC01C5940287C',600.00,11),('AC4773746C5B4D8AA4BD58238FED222C',1020.00,562),('ACB117422253431BB2ED1F31B840E0D1',600.00,101),('ACC3F529407B471D883DF056F5F91773',1000.00,776),('AD3CC483DF5E46EB93824B5E939FEDBF',650.00,131),('AD616645E3904628A76BF1DC1936F172',600.00,689),('AD83954FA1FB4F709ABCEC4FD967EBC6',600.00,518),('ADA01D4B08CC4B7D93A22A69FCFC08A8',600.00,546),('ADD614B72D5A45148B5ED53527D2A164',800.00,751),('AEBC7FA9B07B4E779A7CA7561AE8B7EE',750.00,560),('AEBEA602E2FF442681DAE4909844E15A',600.00,290),('AEE6F119ABC448D0AF860EE09D380C1A',750.00,439),('AF09D04748714F95966C3931670270DF',1050.00,524),('AF0C292A155144C790BDB4D73EF45764',130.00,327),('AF75AB8C0D0B48389DC011920FB6F0E4',1700.00,812),('AFB0B1B440F242328A563DD3BEE79A9D',1530.00,531),('AFBDF208BEF24ACABBA2C1D471E730B8',910.00,59),('AFF423A673ED4589A27362BADF9F5D1A',840.00,721),('B02A9DDE1AD84C0CBFBB1F8B2BA31F7D',130.00,78),('B03C19F8A881479D94ABE1038395B8AE',1800.00,898),('B04B1E1CD12848BCAA2CAF42E9ADF0F5',1350.00,601),('B0837D2672E2423DA05DACEA3122FFC8',1360.00,669),('B0BDBE1FDEA340348DD70F5917A93316',200.00,495),('B16D06C128C4450CA3A39D2EF862E40E',560.00,941),('B196569757754A158BCEB5885F57D2C8',1190.00,432),('B1C91FB2125A479799760A8FF50BA49C',1800.00,926),('B1DEE800BE354EFBAD50B675B8160832',560.00,693),('B1DF80E8CCD44A9A8FE40C8B702FD504',130.00,367),('B1F3B400E3F548D18BBA3CAF1AF020D6',1190.00,559),('B21DD22E220247DF85D4515D9AA611F4',450.00,965),('B2483AA731CA4ABCB06029516F392629',1050.00,842),('B25824B860A4465D9965931C569B7F33',1700.00,462),('B2C2F9F8F13E44439BC2B7EC2050EC94',750.00,792),('B2D16F2E328D4831BD9BF400AC552410',1050.00,504),('B30E2F16A85D40218F2B4B51751F077C',840.00,496),('B3502FA7B84B4FF9B27F91EC9738CCB2',170.00,597),('B40D6A2C6D2A44B7BED38371737578AA',1700.00,700),('B4273BC000284AE989B49C42AAB97298',800.00,538),('B525EF79D3BF4BCFBF807B4BC2530151',520.00,143),('B5A46A25A43243669F9B5F107704A9CD',1050.00,748),('B5D6D6C6105045ED9FBE560C55848C17',1700.00,604),('B62CE209108642789DEA4D20991158B9',680.00,883),('B62EE11C13434B04A555C9FBFD85CC05',910.00,298),('B6602B98A6EE47758E885B2B46342B31',1020.00,80),('B6E7041F068E48FE986D3F3DE2FB835A',910.00,323),('B734C9E3148E4C1CAA7445E0131BE065',1000.00,874),('B77F5EA1855A40788916415EF09CC72C',750.00,270),('B7A35EB37F484F758DA6D471C0EFCCC5',280.00,922),('B7B407493EBD45CDABA2EBE00325823A',900.00,933),('B7B485978AEC403BB238BC9C1E715567',130.00,153),('B7D39F2DE7C84F8F8630EC359EFBDEAD',260.00,346),('B84D7BDBA1E946A69FC69F8142B0CF29',260.00,962),('B8538ED04B274989BDFEFDBFC570AFE9',780.00,55),('B880D2F203444095BDEB0DDC6B0B54E4',300.00,691),('B8A189ED69FE41889FD3F2F7049E78E4',510.00,636),('B8C9B15730E240E29788A35D77DB7C89',900.00,74),('B974E80826F14CDF8222979CE2DEBF82',780.00,412),('BA7A3FCD0B2C4C7097364C32D6A6EA50',450.00,289),('BAC8B797C7EC4971BD425E275903390C',400.00,446),('BB04CA94FC2F4F38B55F50012E4304A6',500.00,992),('BB6F599F4A8F4B1796020B5292406078',520.00,393),('BB9BFF195D8F4B098979AAD790E8D79B',700.00,519),('BBB5C19476CC4919903684D784F98275',510.00,413),('BBF65AE100C243749E100251737C7A38',1200.00,667),('BBF69031DC0543EB871E4CE80A062337',1190.00,814),('BDCA645867374E50A277151EF4499F6F',980.00,220),('BE54CBBF44894937B6FBD58F89AAABCD',1530.00,632),('BE907789793146C988F9B0C4B280CA20',280.00,283),('BED962D0DB3F4275A971DC9D449B2DD5',1190.00,520),('BF6C72324D25499586B354CA7FC7CE44',260.00,907),('BF85165E0B0D4040A56CB95AC761C354',300.00,264),('BF959D78632E47BD86EF75743C507EBE',1800.00,338),('BF9F9D1E383D40B3AB7BDE0FC88EAB08',1200.00,206),('BFD64D1850534BFC871B2E509581D063',900.00,200),('C045EA35E6FE475C9A5009D81F53298A',300.00,324),('C0F484578333473DB9855E1B5A17B717',750.00,578),('C13EFDEED01446B397035A8EA7DFC5E9',1000.00,974),('C191C24D9BFA43E6ADAA4DD8665135F5',600.00,407),('C1B1D7D252724D8FA44540FE9567F1E6',300.00,3),('C1BA1B0247C146F8B5A8F1882214E95B',1190.00,21),('C331440740F14F7383C3230BFF6AF58B',680.00,344),('C3BC7F47B3494531980FC515B9AA33CB',420.00,119),('C4392838DA1E404A99FD397AEDE3C1DD',800.00,769),('C4A05B63A9234AC3AA3D998CCBB4D8FB',510.00,718),('C4C39EDF39C8424D81E6EEF61899CBFF',1500.00,447),('C4D48FB1845D4EE0B6545F8D323EDDE9',260.00,28),('C5085ED16CB541CFA596840105C6D408',900.00,570),('C52F1E7599254BF49E3BADCC67532C62',700.00,627),('C574C5745AEC4848B2133898F4C927EE',420.00,966),('C5C8D51AB33A4F10B0CCFC04AF573047',840.00,434),('C68745545AE74DB1BCA9529633AA2058',520.00,951),('C68B7FCCA7034BD18B999703464FABE6',1360.00,122),('C6C658E0C7A44533BC3C12093AAEE105',1400.00,719),('C6D3164FB67A460786A9358ABAA3F9E3',260.00,555),('C700169C7118467182E6F43DF05AB797',800.00,869),('C7145AEEDE614A7D96FC29207EE80757',520.00,66),('C7272D201DFB4C2D97118827E364703F',510.00,257),('C76CEE6279974BE0AE8A93D710D71B22',980.00,343),('C79F72BE61E2491FA838B257E2670BF7',420.00,178),('C800C9821FE04DB48314397AD72F01CE',1000.00,109),('C81BFC97000C4ECDB9F238D61A960A97',600.00,263),('C84825019F1A4A0B97617E63EC85DE78',170.00,988),('C8AE6AA63FC8427CBA12D3AB9B584DE3',1200.00,982),('C920DA93B44C4B81AEEB8CABB2FC2A4B',560.00,406),('C9663E0C7B54409FAFC764762DAF8191',700.00,969),('C979EB7865604AC38A4226D2212CC19D',300.00,790),('C999C2A403C8462D896F36534EAC1E9C',1350.00,527),('C99A439371884A5685C32C7BCD5DDD0F',600.00,686),('C9AAD013A2884D89BD2FDEE7EAA31E37',500.00,84),('CA40561F1FCE472C913992C9C43359B5',510.00,482),('CA61D449AE3247DE896C4A4A7B6CA975',1360.00,995),('CA6FBD1F4F7B4DEA88F57566EDCF2DEC',1200.00,725),('CA73608BF4AC4225A1EE0DB6E1345D0D',500.00,303),('CA90C4A70788488AA49E97C1D18BC391',1170.00,295),('CB236E34136F40FC83DE53155F1CD9AA',1120.00,707),('CB7D72324B994E3E9E48B188B4829C73',1000.00,81),('CB9D0534415B44F29651CED0FE719B2B',1190.00,624),('CBC8D80477DE458A9481E1465BE148FD',280.00,959),('CC978A0E43DA4400BE4D4A8EAB7DA0D2',400.00,225),('CD00B96DEC7C43478ED22908A16D5335',520.00,304),('CDC5F3864E114267A17EF9255BD99C40',1170.00,592),('CE8C2CF30D474F159A1342017C8C1A43',1170.00,275),('CEB99F2428EB41EEB5F1B9734D4A33FA',1400.00,605),('CEE41F66B20644A9A0B58432CD282C09',400.00,386),('CF60DD3D542E4AE98C94E2F02FB2197F',200.00,42),('CF84DB3BC5BF46F3930BC4F1F4C5CBF9',700.00,179),('CF9DD7BBA699416FB33A7BEB401647A5',1400.00,664),('CFA1B0BB320940EEA24E636F4E489100',1500.00,650),('D01F3F17BE494AE9A59AB77B8E311086',1400.00,736),('D0724C2BD52742B2B6F6F900248EA2C3',130.00,212),('D0DBA75000464F4088C7FE84A7EA5C70',1300.00,361),('D196BB5BC8F644EB87DAD506BA8EA5F5',1530.00,613),('D19C13FADEF640D29E08DBD4DA81DFC1',1350.00,355),('D25BB49B1DCE4D429C9B99778C8B67FB',400.00,877),('D3BB3321DEC94A2FA362B17897842E44',200.00,365),('D3D52773A21E47459FD1148EE11F8AD5',1350.00,521),('D4080833A2A24D7FA81F2E6D18D4556B',780.00,803),('D418A09B64F34FF79EE80F92A799E0DC',450.00,746),('D44370398CCC48828A5F13DAAD2EF7E6',2000.00,652),('D4BC3AC73CCE4CE383E5050A615A32D2',840.00,430),('D4C9717FBA354F039ECABC77C432EE16',800.00,582),('D53505A1B2EA45EB9BD86F108AD37F92',450.00,49),('D588B23FE2154F11B5F9D67FBA745442',170.00,433),('D5F1727662024DEB8871D1F4EFB335CF',700.00,305),('D60D23A4430B4857A07D58647AC0376C',1170.00,326),('D663CC8D75104D4981A94E8410CE7C8C',560.00,99),('D70EF328645D4BBF9ADE425B4B5293F7',1000.00,930),('D72A5D1634F14F598AE144D6745D6EE1',400.00,902),('D78794C021DA42AFB84362055E01FC2C',400.00,325),('D7993BBC5DC04252B25A4FFE43616C37',510.00,356),('D7A019FD55C640D2839E16D938D10475',1530.00,821),('D7B2695FE6B44EEC8163A54F6E7DA78E',1260.00,517),('D7CAB38C0222423EAA4BC4D05041B390',840.00,783),('D7CD768CAADB4845BFADB6558C1CD2D4',200.00,540),('D82121625A9A466F9BF0CFDA1505AAB6',900.00,306),('D823D2D8A37C412AB45462C3FC75D0E9',300.00,838),('D889F12E34144A33A99BFB35B05E615C',650.00,817),('D89F3782AE2740B2AC23D34EC6BC3904',900.00,266),('D8B2D30E9D894845AB986919AC0DEA22',1170.00,118),('D8C0CA36CB09497AB5172377F08CE709',1400.00,851),('D903DA96AD8445ADB4F7AB6A8B9B5114',450.00,468),('D9462BA04C4743808CB0A228ACE2C3FB',1300.00,46),('D988F44754194703A0921485CC6E81C8',400.00,905),('D9B63D0BAB7340DABB912DD0ED2A7779',520.00,272),('DAB3E313893046B58BFED9F33540BA1B',280.00,804),('DAB9DE06493F492884905C733E3D35EF',500.00,329),('DB056FD83DEE44B4B149CD21587C56C5',750.00,340),('DB529A89BC6C424EBCC3CBE8014BAE49',800.00,18),('DB6F8A8ECD3345FF93EB23ED79EC0149',680.00,38),('DBAE0893F5BC478D9129C47779B6E576',680.00,854),('DCDDAB83651A401D92A349B760B48B87',700.00,95),('DCFF7F8D23204633B4F854ACDC11AF17',100.00,348),('DD51B0AD018D4A0C9E7C404868F8398C',1700.00,493),('DD7C7466EF8B4EE29BEEE2C81CA623D9',1700.00,665),('DDA45FC2E0BC46D794D8BD8205B29B17',1600.00,167),('DDABD1D56DAE4AC383DAB5DE635F758C',340.00,470),('DE1B4B936DC94AA58CA9C343D1CE302D',700.00,134),('DE5659C12E984F8A94F5517EA3F1B8F0',900.00,921),('DE704089B9DC425CABDACCBA6A4D2943',840.00,811),('DEAAC49062D14813AEF75479EAB02292',150.00,545),('DEC951A250074A94B9D6BD7AC50A2A3A',510.00,533),('DF9F07B7ED2F4B01983D6B1063563F21',400.00,980),('E0960B236F0E40489B8B58FEC9A73492',1170.00,395),('E1002FAC99CC41C79413427926EFBA02',400.00,924),('E1790AD5662E4C86B03E923BC1BDBB6A',900.00,638),('E19293ED99A840F18DF642B41BCA1DCF',150.00,828),('E1BF2A186F9149ACB7119068420FB8A8',140.00,754),('E1DE8A47F2454BDC8EE0D44753B3FDC8',1700.00,625),('E1E51B5B581D48E8AD183D84252EF6CF',650.00,284),('E268FFEC4CC04A3592B7A4BE828F5324',700.00,476),('E274A1BD549F44F2962A8096C1892106',130.00,603),('E291A2DBC54F47F79499D73072556ED9',1200.00,73),('E31293D14ABE4871966EA802F3BF5A50',1260.00,240),('E317A7A0AA734BA1BDB09E6A9D9D0AAF',1300.00,269),('E319DDD944A142969B37399385D9D55F',1500.00,309),('E3216DDB7EF646DCAF02E7E69541629D',280.00,831),('E34150C5B02B4D7A95000A680A836E19',1400.00,460),('E3BF95BAD8764DBEB3D931D37D760A05',510.00,903),('E3F7305914F545E18313DF58A07242A8',1350.00,987),('E4942F16EF5045AB8D2D346EAB1214CF',400.00,423),('E4D9DDF2D8654C6A96F16CB25196A49A',1600.00,850),('E508F1A15E3B42538BD7A53212C66E53',1400.00,668),('E5187BB43EBD4D4EAEADF0B22D0F42BA',130.00,401),('E52E71F075A4497BB309A96C713D32CE',1190.00,771),('E58770384BCE4D54BFE0DBA67CE3ED59',140.00,255),('E5B59A059D1740D5B5C9D901445745D5',700.00,663),('E6A92A512BDE407CA2B02E63660E242D',1120.00,75),('E6AB78A4B2694FAF9D50AC0C263405F4',1190.00,297),('E6D265D16FD84CC3BDF36290343CE839',840.00,696),('E6FE0C3060C24F3F92EC2C5B593B1BE9',1400.00,12),('E72CF39BD18E4DB7A72EA27C01E9A6BE',840.00,321),('E7C37FF5C2614585A01E216B14C09E86',1360.00,865),('E829B362A5FA40BF92402E1C21EB01B4',390.00,615),('E829C72BB447411583DD461C1C2B1B28',100.00,383),('E853A2DB1CAF40128BDBDE45D2699496',560.00,901),('E8ECE5EB8A034F5FB7AE09744D709569',1120.00,187),('E954570CB8094A539FFFB852A40E09AD',700.00,837),('E9597318B774432E9F0C96D84055CF74',900.00,931),('E971AC18EC4445CFA3497189D11AB20D',680.00,29),('E971C19EBDB14DC9A06C427AFA103F0F',750.00,319),('E98210FBB8114009A7FFE41504A5EDCA',2000.00,786),('E99B28F8D5064F10ABF31570E44498E5',1800.00,492),('EB0E641272964823A49C60D66C03F680',450.00,704),('EB3E3564A2A44924A807689DF6635ADE',600.00,975),('EBED1DFB005E4E738796DF1D5E58A731',100.00,366),('EC0BC074DC3C4135A4CE1276B5CC53F8',100.00,444),('EC2F50097AF4455CB4F55D0CC4401BCC',850.00,630),('EC817959A0A542369E449CE8E4DB07DA',600.00,313),('ECFC600B6E4C49DFA0C0F61780861E06',1170.00,228),('EDE9F345BB43400196D728F709FDF8F4',260.00,191),('EE12EF70A7634C3F8E4909F633AE4682',900.00,245),('EE910F5715B34F189AF14AD6A300BEE3',150.00,2),('EEB0147346FB45B085D4EAAEBB151EC8',1190.00,583),('EED9A934CEAD41BAA2B9452AE055D2EF',1040.00,307),('EEEB638E30934F36B4341C0DBBC4063B',1260.00,491),('EF28E1FE037243DE82EF73B6F4213718',500.00,108),('EFAB4CF7121C43A98B0B2C0618AECB4E',1020.00,250),('EFFF36EEE793493399128A001D0ABA8F',500.00,979),('F03AD36EB6C4478ABF692D21237ED351',390.00,940),('F03B49F34AA6419D80A37B06F09B84D8',1040.00,510),('F050978DE6254E6984921D8A32107535',1050.00,598),('F054D85E183B4575B7E72DB627B1F949',560.00,588),('F07A21BED0DB41A3AE3E3307489E6449',510.00,419),('F084156A9D4845E391C5046E4DEE43DE',600.00,157),('F0CB2B3B30384B6FBFD20F946C17FBD4',150.00,600),('F0F13BA7AD2B40C7AFAA0DBCEF5E555D',910.00,887),('F10BAB72371542E99153CEAB92744AF7',800.00,893),('F20576E19B7644DD9F49ADEFA937BE24',500.00,351),('F22587E85FB24CF2B214A0695E50EEB9',840.00,573),('F38EB8C3FCBC414EB5BBA14F66F0C292',1050.00,467),('F3DB8B8D68EC4FE4957D95E49010D6CF',200.00,490),('F4BA26AA4C9B4079837C349A0FE9CE2C',1700.00,328),('F4E9DE738BCC4ABBB653B073C8FEDF69',170.00,372),('F5687AA803D44936B6E7BBB39D478641',1200.00,596),('F56A5C7562084776A22F6D74DBEA7ACF',910.00,629),('F60785B9FE194BD4866A7543D0273887',1600.00,51),('F6506FC17F72448A97DE337EEE3980B1',600.00,899),('F688EF4655DF40DF8FCD6715701FE9B4',980.00,173),('F7066D387C7B40C0B8CE09FFB44F6C9E',1360.00,216),('F72066E22CE249A99BA237314B0F3301',800.00,396),('F72D902B12A7469DAC323E132F1D8504',980.00,891),('F74545CA26E1408C806FBB7F2A4D1131',130.00,964),('F7866C17C9274536B6B06FC6A4B22C8A',2000.00,205),('F7D2179316C04AB69F6BD0BA66AA59EC',130.00,825),('F7DECEFDEFB349D489C5C0805B56079E',300.00,953),('F81FEE173459405CA24727C798D038CB',280.00,884),('F826BBB058D543ECAA1A08DF4E62997A',200.00,87),('F88F53D21E714B1EA05CEDFDEF58454C',1190.00,233),('F897F60CAB6044F6AB9C2CF3B89D8495',340.00,606),('F89847489C7149478F3BF3D7091664BB',1020.00,553),('F8C48B5DA74440128B52154B88C03E67',2000.00,107),('F8F90C77BE334F1CB89D4B3AB983C924',150.00,484),('F93ED99F02074E2B958AAB2984EAC87B',1400.00,846),('F9714D93B5B948CE963217B9958DF330',400.00,949),('F98DD00038D84AA082CC91B57127D4E5',1200.00,806),('F9DBED59F1A34CCF83BD0C88844B48E1',1200.00,934),('FA8A8510698941C6919AF3B2B9E0501F',500.00,93),('FABBABEB447A4118BA9BD3A337117E87',1000.00,97),('FABE2C29D1EE42CD83ED7FA64381D82C',150.00,137),('FB7C5DE7A25A4B48A81DD2E1B73DB188',260.00,528),('FBB1DD476F91480A948FE8293BFC5724',700.00,370),('FBCE8D4498A149E8AA44395E3043B475',1170.00,102),('FC1E8E01B8D241ABB6D7803C000D5E78',1200.00,110),('FC4115AF575547EEAA8DDBC815A5C054',1260.00,317),('FDA196CC89F544FD840541DAA02F2481',390.00,593),('FE4E8F248040447582953C5C71C3B78C',130.00,497),('FE72A6B3F0AB4DD9BC7F80EED8821781',1170.00,970),('FF2B1377BE044A65B65F6569F2A2F781',1360.00,185),('FFA859E615FD48BEB17CCF9F09A12838',1400.00,978),('FFD8302DB85E45A79EF3681B45FDE32E',1050.00,184),('FFE193C8518C4882B37483EA6216BE27',1500.00,549),('FFE2F48C0129406BA6BA4458D4D240BB',560.00,76);
/*!40000 ALTER TABLE `transaction` ENABLE KEYS */;
UNLOCK TABLES;
--
-- Table structure for table `tweet_mentions`
--

DROP TABLE IF EXISTS `tweet_mentions`;
/*!40101 SET @saved_cs_client     = @@character_set_client */;
/*!50503 SET character_set_client = utf8mb4 */;
CREATE TABLE `tweet_mentions` (
  `tweet_id` bigint(20) NOT NULL,
  `source_user` varchar(45) NOT NULL,
  `target_user` varchar(45) NOT NULL,
  KEY `tweet_id_idx` (`tweet_id`),
  KEY `source_fk_idx` (`source_user`),
  KEY `target_fk_idx` (`target_user`),
  CONSTRAINT `tweet_id` FOREIGN KEY (`tweet_id`) REFERENCES `twitter_tweets` (`tweet_id`)
) ENGINE=InnoDB DEFAULT CHARSET=utf8mb4;
/*!40101 SET character_set_client = @saved_cs_client */;

--
-- Table structure for table `tweet_tags`
--

DROP TABLE IF EXISTS `tweet_tags`;
/*!40101 SET @saved_cs_client     = @@character_set_client */;
/*!50503 SET character_set_client = utf8mb4 */;
CREATE TABLE `tweet_tags` (
  `tweet_id` bigint(20) NOT NULL,
  `tag` varchar(45) CHARACTER SET utf8 DEFAULT NULL,
  KEY `tag` (`tweet_id`),
  CONSTRAINT `tag` FOREIGN KEY (`tweet_id`) REFERENCES `twitter_tweets` (`tweet_id`)
) ENGINE=InnoDB DEFAULT CHARSET=utf8mb4;
/*!40101 SET character_set_client = @saved_cs_client */;

--
-- Table structure for table `tweet_url`
--

DROP TABLE IF EXISTS `tweet_url`;
/*!40101 SET @saved_cs_client     = @@character_set_client */;
/*!50503 SET character_set_client = utf8mb4 */;
CREATE TABLE `tweet_url` (
  `tweet_id` bigint(20) NOT NULL,
  `tweet_url` varchar(100) NOT NULL,
  UNIQUE KEY `tweet_url_UNIQUE` (`tweet_url`),
  KEY `tweet_id_idx` (`tweet_id`),
  CONSTRAINT `tweet_id_url` FOREIGN KEY (`tweet_id`) REFERENCES `twitter_tweets` (`tweet_id`)
) ENGINE=InnoDB DEFAULT CHARSET=utf8;
/*!40101 SET character_set_client = @saved_cs_client */;

--
-- Table structure for table `twitter_tweet_handle`
--

DROP TABLE IF EXISTS `twitter_tweet_handle`;
/*!40101 SET @saved_cs_client     = @@character_set_client */;
/*!50503 SET character_set_client = utf8mb4 */;
CREATE TABLE `twitter_tweet_handle` (
  `tweet_id` bigint(20) NOT NULL,
  `twitter_handle` varchar(45) DEFAULT NULL,
  KEY `twitter_handles__fk_idx` (`twitter_handle`),
  KEY `tweet_id_fks` (`tweet_id`),
  CONSTRAINT `tweet_id_fks` FOREIGN KEY (`tweet_id`) REFERENCES `twitter_tweets` (`tweet_id`),
  CONSTRAINT `twitter__handles_fk` FOREIGN KEY (`twitter_handle`) REFERENCES `twitter_user` (`twitter_handle`)
) ENGINE=InnoDB DEFAULT CHARSET=utf8mb4;
/*!40101 SET character_set_client = @saved_cs_client */;

--
-- Table structure for table `twitter_tweet_movie`
--

DROP TABLE IF EXISTS `twitter_tweet_movie`;
/*!40101 SET @saved_cs_client     = @@character_set_client */;
/*!50503 SET character_set_client = utf8mb4 */;
CREATE TABLE `twitter_tweet_movie` (
  `tweet_id` bigint(20) NOT NULL,
  `movie_id` int(11) DEFAULT NULL,
  KEY `movie_id_tweet_idx` (`movie_id`),
  KEY `tweet_id_fk` (`tweet_id`),
  CONSTRAINT `movie_id_tweet` FOREIGN KEY (`movie_id`) REFERENCES `movie` (`movie_id`),
  CONSTRAINT `tweet_id_fk` FOREIGN KEY (`tweet_id`) REFERENCES `twitter_tweets` (`tweet_id`)
) ENGINE=InnoDB DEFAULT CHARSET=utf8;
/*!40101 SET character_set_client = @saved_cs_client */;

--
-- Table structure for table `twitter_tweets`
--

DROP TABLE IF EXISTS `twitter_tweets`;
/*!40101 SET @saved_cs_client     = @@character_set_client */;
/*!50503 SET character_set_client = utf8mb4 */;
CREATE TABLE `twitter_tweets` (
  `tweet_id` bigint(20) NOT NULL,
  `twitter_text` varchar(500) DEFAULT NULL,
  `profile_image_url` varchar(100) CHARACTER SET utf8 DEFAULT NULL,
  `created_at` timestamp(4) NOT NULL DEFAULT CURRENT_TIMESTAMP(4) ON UPDATE CURRENT_TIMESTAMP(4),
  `likes` int(11) DEFAULT NULL,
  `retweet` int(11) DEFAULT NULL,
  `sentiment` decimal(20,0) DEFAULT NULL,
  PRIMARY KEY (`tweet_id`)
) ENGINE=InnoDB DEFAULT CHARSET=utf8mb4;
/*!40101 SET character_set_client = @saved_cs_client */;

--
-- Table structure for table `twitter_user`
--

DROP TABLE IF EXISTS `twitter_user`;
/*!40101 SET @saved_cs_client     = @@character_set_client */;
/*!50503 SET character_set_client = utf8mb4 */;
CREATE TABLE `twitter_user` (
  `twitter_handle` varchar(45) NOT NULL,
  `name` varchar(80) NOT NULL,
  `profile_image_url` varchar(100) CHARACTER SET utf8 DEFAULT NULL,
  `description` varchar(400) DEFAULT NULL,
  `followers_count` int(11) NOT NULL,
  `following_count` int(11) NOT NULL,
  `created_at` timestamp(4) NULL DEFAULT NULL,
  PRIMARY KEY (`twitter_handle`),
  UNIQUE KEY `twitter_handle_UNIQUE` (`twitter_handle`)
) ENGINE=InnoDB DEFAULT CHARSET=utf8mb4;
/*!40101 SET character_set_client = @saved_cs_client */;

--
-- Table structure for table `user`
--

DROP TABLE IF EXISTS `user`;
/*!40101 SET @saved_cs_client     = @@character_set_client */;
/*!50503 SET character_set_client = utf8mb4 */;
CREATE TABLE `user` (
  `user_id` int(11) NOT NULL,
  `name` varchar(45) DEFAULT NULL,
  `age` varchar(45) DEFAULT NULL,
  `email` varchar(45) DEFAULT NULL,
  PRIMARY KEY (`user_id`)
) ENGINE=InnoDB DEFAULT CHARSET=utf8;
/*!40101 SET character_set_client = @saved_cs_client */;

--
-- Table structure for table `user_gender`
--

DROP TABLE IF EXISTS `user_gender`;
/*!40101 SET @saved_cs_client     = @@character_set_client */;
/*!50503 SET character_set_client = utf8mb4 */;
CREATE TABLE `user_gender` (
  `user_id` int(11) NOT NULL,
  `gender` varchar(45) DEFAULT NULL,
  KEY `user_id_gender_fk` (`user_id`),
  CONSTRAINT `user_id_gender_fk` FOREIGN KEY (`user_id`) REFERENCES `user` (`user_id`)
) ENGINE=InnoDB DEFAULT CHARSET=utf8;
/*!40101 SET character_set_client = @saved_cs_client */;

--
-- Temporary view structure for view `year_least_no_movies`
--

DROP TABLE IF EXISTS `year_least_no_movies`;
/*!50001 DROP VIEW IF EXISTS `year_least_no_movies`*/;
SET @saved_cs_client     = @@character_set_client;
/*!50503 SET character_set_client = utf8mb4 */;
/*!50001 CREATE VIEW `year_least_no_movies` AS SELECT 
 1 AS `released_year`,
 1 AS `movie_count`*/;
SET character_set_client = @saved_cs_client;

--
-- Dumping events for database 'movie_ticket_reservation'
--

--
-- Dumping routines for database 'movie_ticket_reservation'
--

--
-- Final view structure for view `_max_movie_releases`
--

/*!50001 DROP VIEW IF EXISTS `_max_movie_releases`*/;
/*!50001 SET @saved_cs_client          = @@character_set_client */;
/*!50001 SET @saved_cs_results         = @@character_set_results */;
/*!50001 SET @saved_col_connection     = @@collation_connection */;
/*!50001 SET character_set_client      = utf8mb4 */;
/*!50001 SET character_set_results     = utf8mb4 */;
/*!50001 SET collation_connection      = utf8mb4_general_ci */;
/*!50001 CREATE ALGORITHM=UNDEFINED */
/*!50013 DEFINER=`root`@`localhost` SQL SECURITY DEFINER */
/*!50001 VIEW `_max_movie_releases` AS select count(`stars`.`star_id`) AS `top_actors`,`stars`.`name` AS `name`,`movie`.`released_year` AS `released_year` from ((`stars` join `movie_stars` on((`movie_stars`.`star_id` = `stars`.`star_id`))) join `movie` on(((`movie`.`movie_id` = `movie_stars`.`movie_id`) and (`movie`.`released_year` = 2016)))) group by `stars`.`star_id` order by `top_actors` desc limit 5 */;
/*!50001 SET character_set_client      = @saved_cs_client */;
/*!50001 SET character_set_results     = @saved_cs_results */;
/*!50001 SET collation_connection      = @saved_col_connection */;

--
-- Final view structure for view `avg_rating_comedy`
--

/*!50001 DROP VIEW IF EXISTS `avg_rating_comedy`*/;
/*!50001 SET @saved_cs_client          = @@character_set_client */;
/*!50001 SET @saved_cs_results         = @@character_set_results */;
/*!50001 SET @saved_col_connection     = @@collation_connection */;
/*!50001 SET character_set_client      = utf8mb4 */;
/*!50001 SET character_set_results     = utf8mb4 */;
/*!50001 SET collation_connection      = utf8mb4_general_ci */;
/*!50001 CREATE ALGORITHM=UNDEFINED */
/*!50013 DEFINER=`root`@`localhost` SQL SECURITY DEFINER */
/*!50001 VIEW `avg_rating_comedy` AS select avg(`m`.`rating`) AS `Average_Rating` from ((`movie` `m` join `movie_genre` `mg` on((`m`.`movie_id` = `mg`.`movie_id`))) join `genre` `g` on(((`g`.`genre_id` = `mg`.`genre_id`) and (`g`.`genre_id` = 5)))) */;
/*!50001 SET character_set_client      = @saved_cs_client */;
/*!50001 SET character_set_results     = @saved_cs_results */;
/*!50001 SET collation_connection      = @saved_col_connection */;

--
-- Final view structure for view `best_movie`
--

/*!50001 DROP VIEW IF EXISTS `best_movie`*/;
/*!50001 SET @saved_cs_client          = @@character_set_client */;
/*!50001 SET @saved_cs_results         = @@character_set_results */;
/*!50001 SET @saved_col_connection     = @@collation_connection */;
/*!50001 SET character_set_client      = utf8mb4 */;
/*!50001 SET character_set_results     = utf8mb4 */;
/*!50001 SET collation_connection      = utf8mb4_general_ci */;
/*!50001 CREATE ALGORITHM=UNDEFINED */
/*!50013 DEFINER=`root`@`localhost` SQL SECURITY DEFINER */
/*!50001 VIEW `best_movie` AS select `m`.`name` AS `name`,max(`m`.`rating`) AS `max(m.rating)` from `movie` `m` where (`m`.`released_year` between 2015 and 2016) group by `m`.`name` order by `m`.`name` */;
/*!50001 SET character_set_client      = @saved_cs_client */;
/*!50001 SET character_set_results     = @saved_cs_results */;
/*!50001 SET collation_connection      = @saved_col_connection */;

--
-- Final view structure for view `diff_ticket_prices`
--

/*!50001 DROP VIEW IF EXISTS `diff_ticket_prices`*/;
/*!50001 SET @saved_cs_client          = @@character_set_client */;
/*!50001 SET @saved_cs_results         = @@character_set_results */;
/*!50001 SET @saved_col_connection     = @@collation_connection */;
/*!50001 SET character_set_client      = utf8mb4 */;
/*!50001 SET character_set_results     = utf8mb4 */;
/*!50001 SET collation_connection      = utf8mb4_general_ci */;
/*!50001 CREATE ALGORITHM=UNDEFINED */
/*!50013 DEFINER=`root`@`localhost` SQL SECURITY DEFINER */
/*!50001 VIEW `diff_ticket_prices` AS select count(`ss`.`screen_id`) AS `COUNT(ss.screen_id)`,max(`ss`.`ticket_price`) AS `MAX(ss.ticket_price)` from `screen_shows` `ss` group by `ss`.`ticket_price` order by `ss`.`ticket_price` desc */;
/*!50001 SET character_set_client      = @saved_cs_client */;
/*!50001 SET character_set_results     = @saved_cs_results */;
/*!50001 SET collation_connection      = @saved_col_connection */;

--
-- Final view structure for view `drama_good_ratings_movies`
--

/*!50001 DROP VIEW IF EXISTS `drama_good_ratings_movies`*/;
/*!50001 SET @saved_cs_client          = @@character_set_client */;
/*!50001 SET @saved_cs_results         = @@character_set_results */;
/*!50001 SET @saved_col_connection     = @@collation_connection */;
/*!50001 SET character_set_client      = utf8mb4 */;
/*!50001 SET character_set_results     = utf8mb4 */;
/*!50001 SET collation_connection      = utf8mb4_general_ci */;
/*!50001 CREATE ALGORITHM=UNDEFINED */
/*!50013 DEFINER=`root`@`localhost` SQL SECURITY DEFINER */
/*!50001 VIEW `drama_good_ratings_movies` AS select `m`.`name` AS `name`,`m`.`released_year` AS `released_year`,`m`.`rating` AS `rating`,`g`.`genre` AS `genre` from ((`movie` `m` join `movie_genre` `mg` on((`mg`.`movie_id` = `m`.`movie_id`))) join `genre` `g` on(((`g`.`genre_id` = `mg`.`genre_id`) and (`g`.`genre` = 'Drama') and (`m`.`released_year` = 2020)))) order by `m`.`rating` desc limit 1 */;
/*!50001 SET character_set_client      = @saved_cs_client */;
/*!50001 SET character_set_results     = @saved_cs_results */;
/*!50001 SET collation_connection      = @saved_col_connection */;

--
-- Final view structure for view `highest_positive_tweet_movie`
--

/*!50001 DROP VIEW IF EXISTS `highest_positive_tweet_movie`*/;
/*!50001 SET @saved_cs_client          = @@character_set_client */;
/*!50001 SET @saved_cs_results         = @@character_set_results */;
/*!50001 SET @saved_col_connection     = @@collation_connection */;
/*!50001 SET character_set_client      = utf8mb4 */;
/*!50001 SET character_set_results     = utf8mb4 */;
/*!50001 SET collation_connection      = utf8mb4_general_ci */;
/*!50001 CREATE ALGORITHM=UNDEFINED */
/*!50013 DEFINER=`root`@`localhost` SQL SECURITY DEFINER */
/*!50001 VIEW `highest_positive_tweet_movie` AS select `s`.`name` AS `name` from (`stars` `s` join `movie_stars` `ms` on(((`s`.`star_id` = `ms`.`star_id`) and (`ms`.`movie_id` = (select `m`.`movie_id` from ((`movie` `m` join `twitter_tweet_movie` `tm` on((`tm`.`movie_id` = `m`.`movie_id`))) join `twitter_tweets` `t` on((`t`.`tweet_id` = `tm`.`tweet_id`))) group by `m`.`name` order by sum(`t`.`sentiment`) limit 1))))) */;
/*!50001 SET character_set_client      = @saved_cs_client */;
/*!50001 SET character_set_results     = @saved_cs_results */;
/*!50001 SET collation_connection      = @saved_col_connection */;

--
-- Final view structure for view `highest_rating_genre`
--

/*!50001 DROP VIEW IF EXISTS `highest_rating_genre`*/;
/*!50001 SET @saved_cs_client          = @@character_set_client */;
/*!50001 SET @saved_cs_results         = @@character_set_results */;
/*!50001 SET @saved_col_connection     = @@collation_connection */;
/*!50001 SET character_set_client      = utf8mb4 */;
/*!50001 SET character_set_results     = utf8mb4 */;
/*!50001 SET collation_connection      = utf8mb4_general_ci */;
/*!50001 CREATE ALGORITHM=UNDEFINED */
/*!50013 DEFINER=`root`@`localhost` SQL SECURITY DEFINER */
/*!50001 VIEW `highest_rating_genre` AS select `g`.`genre` AS `genre`,`g`.`genre_id` AS `genre_id`,max(`m`.`rating`) AS `MAX(m.rating)` from ((`movie_genre` `mg` join `genre` `g` on((`mg`.`genre_id` = `g`.`genre_id`))) join `movie` `m` on((`m`.`movie_id` = `mg`.`genre_id`))) group by `g`.`genre`,`g`.`genre_id` order by `m`.`rating` desc limit 1 */;
/*!50001 SET character_set_client      = @saved_cs_client */;
/*!50001 SET character_set_results     = @saved_cs_results */;
/*!50001 SET collation_connection      = @saved_col_connection */;

--
-- Final view structure for view `highest_retweets_movie`
--

/*!50001 DROP VIEW IF EXISTS `highest_retweets_movie`*/;
/*!50001 SET @saved_cs_client          = @@character_set_client */;
/*!50001 SET @saved_cs_results         = @@character_set_results */;
/*!50001 SET @saved_col_connection     = @@collation_connection */;
/*!50001 SET character_set_client      = utf8mb4 */;
/*!50001 SET character_set_results     = utf8mb4 */;
/*!50001 SET collation_connection      = utf8mb4_general_ci */;
/*!50001 CREATE ALGORITHM=UNDEFINED */
/*!50013 DEFINER=`root`@`localhost` SQL SECURITY DEFINER */
/*!50001 VIEW `highest_retweets_movie` AS select `s`.`name` AS `name` from (`stars` `s` join `movie_stars` `ms` on(((`s`.`star_id` = `ms`.`star_id`) and (`ms`.`movie_id` = (select `m`.`movie_id` from ((`movie` `m` join `twitter_tweet_movie` `tm` on((`tm`.`movie_id` = `m`.`movie_id`))) join `twitter_tweets` `t` on((`tm`.`tweet_id` = `t`.`tweet_id`))) order by `t`.`retweet` desc limit 1))))) */;
/*!50001 SET character_set_client      = @saved_cs_client */;
/*!50001 SET character_set_results     = @saved_cs_results */;
/*!50001 SET collation_connection      = @saved_col_connection */;

--
-- Final view structure for view `least_sales_theaters`
--

/*!50001 DROP VIEW IF EXISTS `least_sales_theaters`*/;
/*!50001 SET @saved_cs_client          = @@character_set_client */;
/*!50001 SET @saved_cs_results         = @@character_set_results */;
/*!50001 SET @saved_col_connection     = @@collation_connection */;
/*!50001 SET character_set_client      = utf8mb4 */;
/*!50001 SET character_set_results     = utf8mb4 */;
/*!50001 SET collation_connection      = utf8mb4_general_ci */;
/*!50001 CREATE ALGORITHM=UNDEFINED */
/*!50013 DEFINER=`root`@`localhost` SQL SECURITY DEFINER */
/*!50001 VIEW `least_sales_theaters` AS select `t`.`name` AS `name`,sum(`tt`.`amount`) AS `total` from ((((`theaters` `t` join `screens` `s` on((`t`.`theater_id` = `s`.`screen_id`))) join `screen_shows` `ss` on((`ss`.`screen_id` = `s`.`screen_id`))) join `bookings` `b` on((`ss`.`id` = `b`.`screen_shows_id`))) join `transaction` `tt` on((`tt`.`booking_id` = `b`.`booking_id`))) group by `t`.`theater_id` order by `total` limit 3 */;
/*!50001 SET character_set_client      = @saved_cs_client */;
/*!50001 SET character_set_results     = @saved_cs_results */;
/*!50001 SET collation_connection      = @saved_col_connection */;

--
-- Final view structure for view `least_tweets_movie`
--

/*!50001 DROP VIEW IF EXISTS `least_tweets_movie`*/;
/*!50001 SET @saved_cs_client          = @@character_set_client */;
/*!50001 SET @saved_cs_results         = @@character_set_results */;
/*!50001 SET @saved_col_connection     = @@collation_connection */;
/*!50001 SET character_set_client      = utf8mb4 */;
/*!50001 SET character_set_results     = utf8mb4 */;
/*!50001 SET collation_connection      = utf8mb4_general_ci */;
/*!50001 CREATE ALGORITHM=UNDEFINED */
/*!50013 DEFINER=`root`@`localhost` SQL SECURITY DEFINER */
/*!50001 VIEW `least_tweets_movie` AS select `m`.`name` AS `name`,count(`tm`.`movie_id`) AS `count` from ((`movie` `m` join `twitter_tweet_movie` `tm` on((`tm`.`movie_id` = `m`.`movie_id`))) join `twitter_tweets` `t` on((`t`.`tweet_id` = `tm`.`tweet_id`))) group by `m`.`movie_id` order by `count` limit 1 */;
/*!50001 SET character_set_client      = @saved_cs_client */;
/*!50001 SET character_set_results     = @saved_cs_results */;
/*!50001 SET collation_connection      = @saved_col_connection */;

--
-- Final view structure for view `maximum_bookings`
--

/*!50001 DROP VIEW IF EXISTS `maximum_bookings`*/;
/*!50001 SET @saved_cs_client          = @@character_set_client */;
/*!50001 SET @saved_cs_results         = @@character_set_results */;
/*!50001 SET @saved_col_connection     = @@collation_connection */;
/*!50001 SET character_set_client      = utf8mb4 */;
/*!50001 SET character_set_results     = utf8mb4 */;
/*!50001 SET collation_connection      = utf8mb4_general_ci */;
/*!50001 CREATE ALGORITHM=UNDEFINED */
/*!50013 DEFINER=`root`@`localhost` SQL SECURITY DEFINER */
/*!50001 VIEW `maximum_bookings` AS select `u`.`name` AS `name`,`b`.`user_id` AS `user_id`,(sum(`b`.`tickets_booked`) * `s`.`ticket_price`) AS `total` from ((`bookings` `b` join `screen_shows` `s` on((`b`.`screen_shows_id` = `s`.`id`))) join `user` `u` on((`b`.`user_id` = `u`.`user_id`))) group by `b`.`user_id` order by `total` limit 1 */;
/*!50001 SET character_set_client      = @saved_cs_client */;
/*!50001 SET character_set_results     = @saved_cs_results */;
/*!50001 SET collation_connection      = @saved_col_connection */;

--
-- Final view structure for view `min_runtime`
--

/*!50001 DROP VIEW IF EXISTS `min_runtime`*/;
/*!50001 SET @saved_cs_client          = @@character_set_client */;
/*!50001 SET @saved_cs_results         = @@character_set_results */;
/*!50001 SET @saved_col_connection     = @@collation_connection */;
/*!50001 SET character_set_client      = utf8mb4 */;
/*!50001 SET character_set_results     = utf8mb4 */;
/*!50001 SET collation_connection      = utf8mb4_general_ci */;
/*!50001 CREATE ALGORITHM=UNDEFINED */
/*!50013 DEFINER=`root`@`localhost` SQL SECURITY DEFINER */
/*!50001 VIEW `min_runtime` AS select `n`.`name` AS `NAME` from `movie` `n` where (`n`.`runtime` = (select min(`m`.`runtime`) from `movie` `m`)) */;
/*!50001 SET character_set_client      = @saved_cs_client */;
/*!50001 SET character_set_results     = @saved_cs_results */;
/*!50001 SET collation_connection      = @saved_col_connection */;

--
-- Final view structure for view `most_booked_date`
--

/*!50001 DROP VIEW IF EXISTS `most_booked_date`*/;
/*!50001 SET @saved_cs_client          = @@character_set_client */;
/*!50001 SET @saved_cs_results         = @@character_set_results */;
/*!50001 SET @saved_col_connection     = @@collation_connection */;
/*!50001 SET character_set_client      = utf8mb4 */;
/*!50001 SET character_set_results     = utf8mb4 */;
/*!50001 SET collation_connection      = utf8mb4_general_ci */;
/*!50001 CREATE ALGORITHM=UNDEFINED */
/*!50013 DEFINER=`root`@`localhost` SQL SECURITY DEFINER */
/*!50001 VIEW `most_booked_date` AS select `b`.`created_at` AS `created_at`,`b`.`tickets_booked` AS `tickets_booked` from `bookings` `b` where (year(`b`.`created_at`) = 2020) group by `b`.`created_at` order by `b`.`tickets_booked` desc limit 1 */;
/*!50001 SET character_set_client      = @saved_cs_client */;
/*!50001 SET character_set_results     = @saved_cs_results */;
/*!50001 SET collation_connection      = @saved_col_connection */;

--
-- Final view structure for view `most_hit_by_priyanka`
--

/*!50001 DROP VIEW IF EXISTS `most_hit_by_priyanka`*/;
/*!50001 SET @saved_cs_client          = @@character_set_client */;
/*!50001 SET @saved_cs_results         = @@character_set_results */;
/*!50001 SET @saved_col_connection     = @@collation_connection */;
/*!50001 SET character_set_client      = utf8mb4 */;
/*!50001 SET character_set_results     = utf8mb4 */;
/*!50001 SET collation_connection      = utf8mb4_general_ci */;
/*!50001 CREATE ALGORITHM=UNDEFINED */
/*!50013 DEFINER=`root`@`localhost` SQL SECURITY DEFINER */
/*!50001 VIEW `most_hit_by_priyanka` AS select `m`.`name` AS `name`,`m`.`released_year` AS `released_year`,`m`.`rating` AS `rating` from ((`stars` `s` join `movie_stars` `ms` on((`ms`.`star_id` = `s`.`star_id`))) join `movie` `m` on((`ms`.`movie_id` = `m`.`movie_id`))) where ((`s`.`name` like '%Priyanka Chopra Jonas%') and (`m`.`released_year` = 2013)) order by `m`.`rating` desc limit 1 */;
/*!50001 SET character_set_client      = @saved_cs_client */;
/*!50001 SET character_set_results     = @saved_cs_results */;
/*!50001 SET collation_connection      = @saved_col_connection */;

--
-- Final view structure for view `most_mentions`
--

/*!50001 DROP VIEW IF EXISTS `most_mentions`*/;
/*!50001 SET @saved_cs_client          = @@character_set_client */;
/*!50001 SET @saved_cs_results         = @@character_set_results */;
/*!50001 SET @saved_col_connection     = @@collation_connection */;
/*!50001 SET character_set_client      = utf8mb4 */;
/*!50001 SET character_set_results     = utf8mb4 */;
/*!50001 SET collation_connection      = utf8mb4_general_ci */;
/*!50001 CREATE ALGORITHM=UNDEFINED */
/*!50013 DEFINER=`root`@`localhost` SQL SECURITY DEFINER */
/*!50001 VIEW `most_mentions` AS select `m`.`name` AS `name`,count(distinct `tt`.`target_user`) AS `all_mentions` from (((`movie` `m` join `twitter_tweet_movie` `tm` on((`tm`.`movie_id` = `m`.`movie_id`))) join `twitter_tweets` `t` on((`tm`.`tweet_id` = `t`.`tweet_id`))) join `tweet_mentions` `tt` on((`t`.`tweet_id` = `tt`.`tweet_id`))) group by `m`.`name` order by `all_mentions` desc limit 1 */;
/*!50001 SET character_set_client      = @saved_cs_client */;
/*!50001 SET character_set_results     = @saved_cs_results */;
/*!50001 SET collation_connection      = @saved_col_connection */;

--
-- Final view structure for view `most_negative_reviews`
--

/*!50001 DROP VIEW IF EXISTS `most_negative_reviews`*/;
/*!50001 SET @saved_cs_client          = @@character_set_client */;
/*!50001 SET @saved_cs_results         = @@character_set_results */;
/*!50001 SET @saved_col_connection     = @@collation_connection */;
/*!50001 SET character_set_client      = utf8mb4 */;
/*!50001 SET character_set_results     = utf8mb4 */;
/*!50001 SET collation_connection      = utf8mb4_general_ci */;
/*!50001 CREATE ALGORITHM=UNDEFINED */
/*!50013 DEFINER=`root`@`localhost` SQL SECURITY DEFINER */
/*!50001 VIEW `most_negative_reviews` AS select `m`.`name` AS `name`,sum(`t`.`sentiment`) AS `sentiment` from ((`movie` `m` join `twitter_tweet_movie` `tm` on((`tm`.`movie_id` = `m`.`movie_id`))) join `twitter_tweets` `t` on((`tm`.`tweet_id` = `t`.`tweet_id`))) group by `m`.`name` order by sum(`t`.`sentiment`) limit 1 */;
/*!50001 SET character_set_client      = @saved_cs_client */;
/*!50001 SET character_set_results     = @saved_cs_results */;
/*!50001 SET collation_connection      = @saved_col_connection */;

--
-- Final view structure for view `most_tweet_tags_movie`
--

/*!50001 DROP VIEW IF EXISTS `most_tweet_tags_movie`*/;
/*!50001 SET @saved_cs_client          = @@character_set_client */;
/*!50001 SET @saved_cs_results         = @@character_set_results */;
/*!50001 SET @saved_col_connection     = @@collation_connection */;
/*!50001 SET character_set_client      = utf8mb4 */;
/*!50001 SET character_set_results     = utf8mb4 */;
/*!50001 SET collation_connection      = utf8mb4_general_ci */;
/*!50001 CREATE ALGORITHM=UNDEFINED */
/*!50013 DEFINER=`root`@`localhost` SQL SECURITY DEFINER */
/*!50001 VIEW `most_tweet_tags_movie` AS select `m`.`name` AS `name`,count(`tt`.`tag`) AS `COUNT(tt.tag)` from (((`movie` `m` join `twitter_tweet_movie` `tm` on((`tm`.`movie_id` = `m`.`movie_id`))) join `twitter_tweets` `t` on((`tm`.`tweet_id` = `t`.`tweet_id`))) join `tweet_tags` `tt` on((`t`.`tweet_id` = `tt`.`tweet_id`))) group by `m`.`name` order by count(`tt`.`tag`) desc limit 1 */;
/*!50001 SET character_set_client      = @saved_cs_client */;
/*!50001 SET character_set_results     = @saved_cs_results */;
/*!50001 SET collation_connection      = @saved_col_connection */;

--
-- Final view structure for view `most_tweets`
--

/*!50001 DROP VIEW IF EXISTS `most_tweets`*/;
/*!50001 SET @saved_cs_client          = @@character_set_client */;
/*!50001 SET @saved_cs_results         = @@character_set_results */;
/*!50001 SET @saved_col_connection     = @@collation_connection */;
/*!50001 SET character_set_client      = utf8mb4 */;
/*!50001 SET character_set_results     = utf8mb4 */;
/*!50001 SET collation_connection      = utf8mb4_general_ci */;
/*!50001 CREATE ALGORITHM=UNDEFINED */
/*!50013 DEFINER=`root`@`localhost` SQL SECURITY DEFINER */
/*!50001 VIEW `most_tweets` AS select `m`.`name` AS `name`,count(`t`.`tweet_id`) AS `tweet_count` from ((`movie` `m` join `twitter_tweet_movie` `tm` on((`tm`.`movie_id` = `m`.`movie_id`))) join `twitter_tweets` `t` on((`tm`.`tweet_id` = `t`.`tweet_id`))) group by `tm`.`movie_id` order by `tweet_count` desc limit 1 */;
/*!50001 SET character_set_client      = @saved_cs_client */;
/*!50001 SET character_set_results     = @saved_cs_results */;
/*!50001 SET collation_connection      = @saved_col_connection */;

--
-- Final view structure for view `movie_actors`
--

/*!50001 DROP VIEW IF EXISTS `movie_actors`*/;
/*!50001 SET @saved_cs_client          = @@character_set_client */;
/*!50001 SET @saved_cs_results         = @@character_set_results */;
/*!50001 SET @saved_col_connection     = @@collation_connection */;
/*!50001 SET character_set_client      = utf8mb4 */;
/*!50001 SET character_set_results     = utf8mb4 */;
/*!50001 SET collation_connection      = utf8mb4_general_ci */;
/*!50001 CREATE ALGORITHM=UNDEFINED */
/*!50013 DEFINER=`root`@`localhost` SQL SECURITY DEFINER */
/*!50001 VIEW `movie_actors` AS select `s`.`name` AS `actor`,`m`.`name` AS `name`,`m`.`released_year` AS `released_year` from ((`movie` `m` join `movie_stars` `ms` on(((`m`.`movie_id` = `ms`.`movie_id`) and (`m`.`released_year` between 2018 and 2021)))) join `stars` `s` on((`s`.`star_id` = `ms`.`star_id`))) */;
/*!50001 SET character_set_client      = @saved_cs_client */;
/*!50001 SET character_set_results     = @saved_cs_results */;
/*!50001 SET collation_connection      = @saved_col_connection */;

--
-- Final view structure for view `movie_max_bookings`
--

/*!50001 DROP VIEW IF EXISTS `movie_max_bookings`*/;
/*!50001 SET @saved_cs_client          = @@character_set_client */;
/*!50001 SET @saved_cs_results         = @@character_set_results */;
/*!50001 SET @saved_col_connection     = @@collation_connection */;
/*!50001 SET character_set_client      = utf8mb4 */;
/*!50001 SET character_set_results     = utf8mb4 */;
/*!50001 SET collation_connection      = utf8mb4_general_ci */;
/*!50001 CREATE ALGORITHM=UNDEFINED */
/*!50013 DEFINER=`root`@`localhost` SQL SECURITY DEFINER */
/*!50001 VIEW `movie_max_bookings` AS select `m`.`name` AS `name`,`m`.`released_year` AS `released_year`,(sum(`b`.`tickets_booked`) * `s`.`ticket_price`) AS `total` from ((`bookings` `b` join `screen_shows` `s` on((`b`.`screen_shows_id` = `s`.`id`))) join `movie` `m` on((`s`.`movie_id` = `m`.`movie_id`))) group by `m`.`movie_id` order by `total` desc limit 1 */;
/*!50001 SET character_set_client      = @saved_cs_client */;
/*!50001 SET character_set_results     = @saved_cs_results */;
/*!50001 SET collation_connection      = @saved_col_connection */;

--
-- Final view structure for view `movie_max_screens`
--

/*!50001 DROP VIEW IF EXISTS `movie_max_screens`*/;
/*!50001 SET @saved_cs_client          = @@character_set_client */;
/*!50001 SET @saved_cs_results         = @@character_set_results */;
/*!50001 SET @saved_col_connection     = @@collation_connection */;
/*!50001 SET character_set_client      = utf8mb4 */;
/*!50001 SET character_set_results     = utf8mb4 */;
/*!50001 SET collation_connection      = utf8mb4_general_ci */;
/*!50001 CREATE ALGORITHM=UNDEFINED */
/*!50013 DEFINER=`root`@`localhost` SQL SECURITY DEFINER */
/*!50001 VIEW `movie_max_screens` AS select `m`.`name` AS `name`,`m`.`released_year` AS `released_year`,`s`.`screen_id` AS `totalScreens` from (`screen_shows` `s` join `movie` `m` on((`m`.`movie_id` = `s`.`movie_id`))) group by `m`.`movie_id` order by `totalScreens` desc limit 3 */;
/*!50001 SET character_set_client      = @saved_cs_client */;
/*!50001 SET character_set_results     = @saved_cs_results */;
/*!50001 SET collation_connection      = @saved_col_connection */;

--
-- Final view structure for view `screens_city`
--

/*!50001 DROP VIEW IF EXISTS `screens_city`*/;
/*!50001 SET @saved_cs_client          = @@character_set_client */;
/*!50001 SET @saved_cs_results         = @@character_set_results */;
/*!50001 SET @saved_col_connection     = @@collation_connection */;
/*!50001 SET character_set_client      = utf8mb4 */;
/*!50001 SET character_set_results     = utf8mb4 */;
/*!50001 SET collation_connection      = utf8mb4_general_ci */;
/*!50001 CREATE ALGORITHM=UNDEFINED */
/*!50013 DEFINER=`root`@`localhost` SQL SECURITY DEFINER */
/*!50001 VIEW `screens_city` AS select `c`.`name` AS `name`,count(`s`.`screen_id`) AS `COUNT(s.screen_id)` from ((`city` `c` join `theaters` `t` on((`t`.`city_id` = `c`.`city_id`))) join `screens` `s` on((`s`.`theater_id` = `t`.`theater_id`))) group by `c`.`name` order by count(`s`.`screen_id`) desc */;
/*!50001 SET character_set_client      = @saved_cs_client */;
/*!50001 SET character_set_results     = @saved_cs_results */;
/*!50001 SET collation_connection      = @saved_col_connection */;

--
-- Final view structure for view `srk`
--

/*!50001 DROP VIEW IF EXISTS `srk`*/;
/*!50001 SET @saved_cs_client          = @@character_set_client */;
/*!50001 SET @saved_cs_results         = @@character_set_results */;
/*!50001 SET @saved_col_connection     = @@collation_connection */;
/*!50001 SET character_set_client      = utf8mb4 */;
/*!50001 SET character_set_results     = utf8mb4 */;
/*!50001 SET collation_connection      = utf8mb4_general_ci */;
/*!50001 CREATE ALGORITHM=UNDEFINED */
/*!50013 DEFINER=`root`@`localhost` SQL SECURITY DEFINER */
/*!50001 VIEW `srk` AS select `m`.`name` AS `SRK`,`m`.`rating` AS `rating` from ((`movie_stars` `ms` join `stars` `s` on((`ms`.`star_id` = `s`.`star_id`))) join `movie` `m` on((`m`.`movie_id` = `ms`.`movie_id`))) where (`s`.`name` = 'Shah Rukh Khan') */;
/*!50001 SET character_set_client      = @saved_cs_client */;
/*!50001 SET character_set_results     = @saved_cs_results */;
/*!50001 SET collation_connection      = @saved_col_connection */;

--
-- Final view structure for view `theater`
--

/*!50001 DROP VIEW IF EXISTS `theater`*/;
/*!50001 SET @saved_cs_client          = @@character_set_client */;
/*!50001 SET @saved_cs_results         = @@character_set_results */;
/*!50001 SET @saved_col_connection     = @@collation_connection */;
/*!50001 SET character_set_client      = utf8mb4 */;
/*!50001 SET character_set_results     = utf8mb4 */;
/*!50001 SET collation_connection      = utf8mb4_general_ci */;
/*!50001 CREATE ALGORITHM=UNDEFINED */
/*!50013 DEFINER=`root`@`localhost` SQL SECURITY DEFINER */
/*!50001 VIEW `theater` AS select `t`.`name` AS `name` from (((`theaters` `t` join `screens` `s` on((`t`.`theater_id` = `s`.`theater_id`))) join `screen_shows` `ss` on((`ss`.`screen_id` = `s`.`screen_id`))) join `movie` `m` on((`m`.`movie_id` = `ss`.`movie_id`))) where (`m`.`released_year` = '2020') group by `t`.`name` */;
/*!50001 SET character_set_client      = @saved_cs_client */;
/*!50001 SET character_set_results     = @saved_cs_results */;
/*!50001 SET collation_connection      = @saved_col_connection */;

--
-- Final view structure for view `theater_highest_sales`
--

/*!50001 DROP VIEW IF EXISTS `theater_highest_sales`*/;
/*!50001 SET @saved_cs_client          = @@character_set_client */;
/*!50001 SET @saved_cs_results         = @@character_set_results */;
/*!50001 SET @saved_col_connection     = @@collation_connection */;
/*!50001 SET character_set_client      = utf8mb4 */;
/*!50001 SET character_set_results     = utf8mb4 */;
/*!50001 SET collation_connection      = utf8mb4_general_ci */;
/*!50001 CREATE ALGORITHM=UNDEFINED */
/*!50013 DEFINER=`root`@`localhost` SQL SECURITY DEFINER */
/*!50001 VIEW `theater_highest_sales` AS select `t`.`name` AS `name`,max((`s`.`ticket_price` * `b`.`tickets_booked`)) AS `MAX(s.ticket_price*b.tickets_booked)` from (((`theaters` `t` join `screens` `sc` on((`t`.`theater_id` = `sc`.`theater_id`))) join `screen_shows` `s` on((`sc`.`screen_id` = `s`.`screen_id`))) join `bookings` `b` on((`b`.`screen_shows_id` = `s`.`id`))) */;
/*!50001 SET character_set_client      = @saved_cs_client */;
/*!50001 SET character_set_results     = @saved_cs_results */;
/*!50001 SET collation_connection      = @saved_col_connection */;

--
-- Final view structure for view `top_hit_ajay`
--

/*!50001 DROP VIEW IF EXISTS `top_hit_ajay`*/;
/*!50001 SET @saved_cs_client          = @@character_set_client */;
/*!50001 SET @saved_cs_results         = @@character_set_results */;
/*!50001 SET @saved_col_connection     = @@collation_connection */;
/*!50001 SET character_set_client      = utf8mb4 */;
/*!50001 SET character_set_results     = utf8mb4 */;
/*!50001 SET collation_connection      = utf8mb4_general_ci */;
/*!50001 CREATE ALGORITHM=UNDEFINED */
/*!50013 DEFINER=`root`@`localhost` SQL SECURITY DEFINER */
/*!50001 VIEW `top_hit_ajay` AS select `m`.`name` AS `name`,`m`.`rating` AS `rating`,`m`.`movie_id` AS `movie_id` from (`movie` `m` join `movie_stars` `ma` on(((`ma`.`movie_id` = `m`.`movie_id`) and (`ma`.`star_id` = (select `s`.`star_id` from `stars` `s` where (`s`.`name` = 'Ajay Devgn')))))) order by `m`.`rating` desc limit 10 */;
/*!50001 SET character_set_client      = @saved_cs_client */;
/*!50001 SET character_set_results     = @saved_cs_results */;
/*!50001 SET collation_connection      = @saved_col_connection */;

--
-- Final view structure for view `total_income`
--

/*!50001 DROP VIEW IF EXISTS `total_income`*/;
/*!50001 SET @saved_cs_client          = @@character_set_client */;
/*!50001 SET @saved_cs_results         = @@character_set_results */;
/*!50001 SET @saved_col_connection     = @@collation_connection */;
/*!50001 SET character_set_client      = utf8mb4 */;
/*!50001 SET character_set_results     = utf8mb4 */;
/*!50001 SET collation_connection      = utf8mb4_general_ci */;
/*!50001 CREATE ALGORITHM=UNDEFINED */
/*!50013 DEFINER=`root`@`localhost` SQL SECURITY DEFINER */
/*!50001 VIEW `total_income` AS select sum(`tt`.`amount`) AS `totalSales`,`t`.`name` AS `name` from ((((`transaction` `tt` join `bookings` `b` on((`tt`.`booking_id` = `b`.`booking_id`))) join `screen_shows` `ss` on((`b`.`screen_shows_id` = `ss`.`id`))) join `screens` `s` on((`s`.`screen_id` = `ss`.`screen_id`))) join `theaters` `t` on((`t`.`theater_id` = `s`.`theater_id`))) group by `t`.`theater_id` order by `totalSales` desc limit 1 */;
/*!50001 SET character_set_client      = @saved_cs_client */;
/*!50001 SET character_set_results     = @saved_cs_results */;
/*!50001 SET collation_connection      = @saved_col_connection */;

--
-- Final view structure for view `total_screens_mumbai`
--

/*!50001 DROP VIEW IF EXISTS `total_screens_mumbai`*/;
/*!50001 SET @saved_cs_client          = @@character_set_client */;
/*!50001 SET @saved_cs_results         = @@character_set_results */;
/*!50001 SET @saved_col_connection     = @@collation_connection */;
/*!50001 SET character_set_client      = utf8mb4 */;
/*!50001 SET character_set_results     = utf8mb4 */;
/*!50001 SET collation_connection      = utf8mb4_general_ci */;
/*!50001 CREATE ALGORITHM=UNDEFINED */
/*!50013 DEFINER=`root`@`localhost` SQL SECURITY DEFINER */
/*!50001 VIEW `total_screens_mumbai` AS select `c`.`name` AS `name`,count(`ts`.`screen_id`) AS `COUNT(ts.screen_id)` from ((`theaters` `t` join `screens` `ts` on((`ts`.`theater_id` = `t`.`theater_id`))) join `city` `c` on(((`t`.`city_id` = `c`.`city_id`) and (`c`.`name` = 'Mumbai')))) */;
/*!50001 SET character_set_client      = @saved_cs_client */;
/*!50001 SET character_set_results     = @saved_cs_results */;
/*!50001 SET collation_connection      = @saved_col_connection */;

--
-- Final view structure for view `total_theaters_ahmedabad`
--

/*!50001 DROP VIEW IF EXISTS `total_theaters_ahmedabad`*/;
/*!50001 SET @saved_cs_client          = @@character_set_client */;
/*!50001 SET @saved_cs_results         = @@character_set_results */;
/*!50001 SET @saved_col_connection     = @@collation_connection */;
/*!50001 SET character_set_client      = utf8mb4 */;
/*!50001 SET character_set_results     = utf8mb4 */;
/*!50001 SET collation_connection      = utf8mb4_general_ci */;
/*!50001 CREATE ALGORITHM=UNDEFINED */
/*!50013 DEFINER=`root`@`localhost` SQL SECURITY DEFINER */
/*!50001 VIEW `total_theaters_ahmedabad` AS select count(`t`.`theater_id`) AS `NoOfTheaters` from `theaters` `t` where (`t`.`city_id` = (select `c`.`city_id` from `city` `c` where (`c`.`name` = 'Ahmedabad'))) */;
/*!50001 SET character_set_client      = @saved_cs_client */;
/*!50001 SET character_set_results     = @saved_cs_results */;
/*!50001 SET collation_connection      = @saved_col_connection */;

--
-- Final view structure for view `year_least_no_movies`
--

/*!50001 DROP VIEW IF EXISTS `year_least_no_movies`*/;
/*!50001 SET @saved_cs_client          = @@character_set_client */;
/*!50001 SET @saved_cs_results         = @@character_set_results */;
/*!50001 SET @saved_col_connection     = @@collation_connection */;
/*!50001 SET character_set_client      = utf8mb4 */;
/*!50001 SET character_set_results     = utf8mb4 */;
/*!50001 SET collation_connection      = utf8mb4_general_ci */;
/*!50001 CREATE ALGORITHM=UNDEFINED */
/*!50013 DEFINER=`root`@`localhost` SQL SECURITY DEFINER */
/*!50001 VIEW `year_least_no_movies` AS select `m`.`released_year` AS `released_year`,count(`m`.`movie_id`) AS `movie_count` from `movie` `m` group by `m`.`released_year` order by `movie_count` limit 1 */;
/*!50001 SET character_set_client      = @saved_cs_client */;
/*!50001 SET character_set_results     = @saved_cs_results */;
/*!50001 SET collation_connection      = @saved_col_connection */;
/*!40103 SET TIME_ZONE=@OLD_TIME_ZONE */;

/*!40101 SET SQL_MODE=@OLD_SQL_MODE */;
/*!40014 SET FOREIGN_KEY_CHECKS=@OLD_FOREIGN_KEY_CHECKS */;
/*!40014 SET UNIQUE_CHECKS=@OLD_UNIQUE_CHECKS */;
/*!40101 SET CHARACTER_SET_CLIENT=@OLD_CHARACTER_SET_CLIENT */;
/*!40101 SET CHARACTER_SET_RESULTS=@OLD_CHARACTER_SET_RESULTS */;
/*!40101 SET COLLATION_CONNECTION=@OLD_COLLATION_CONNECTION */;
/*!40111 SET SQL_NOTES=@OLD_SQL_NOTES */;

-- Dump completed on 2022-12-14 17:14:26
